ID,school_code,age,gender,discipline_marker,s1_credits,s1_gpa,s2_credits,s2_gpa,GPA_weighted,exclude,item_1,item_2,item_3,item_4,item_5,item_6,item_7,item_8,item_9,item_10,item_11,item_12,item_13,item_14,optimism_score
778,2,22,m,HUMANITIES,16,2.22,16,1.87,2.045,FALSE,3,4,3,1,5,2,5,1,2,2,1,5,4,3,41
459,1,21,m,HUMANITIES,16,2.29,13,2.63,2.4424137931034484,FALSE,2,3,2,2,1,5,6,3,3,4,3,3,2,5,44
208,5,22,f,HUMANITIES,16,2.4099999999999997,15,2.54,2.4729032258064514,FALSE,4,5,2,1,2,3,1,2,5,2,6,2,1,1,37
342,10,22,f,HUMANITIES,17,3.52,15,3.59,3.5528125,FALSE,1,1,5,1,2,3,3,3,1,2,4,5,2,5,38
718,9,22,m,HUMANITIES,17,1.8,16,1.42,1.6157575757575757,FALSE,NA,NA,NA,NA,NA,NA,NA,NA,NA,NA,NA,NA,NA,NA,NA
824,18,21,f,HUMANITIES,12,3.44,15,3.29,3.3566666666666665,FALSE,1,2,3,3,3,5,1,1,5,1,3,2,2,1,33
734,15,22,m,HUMANITIES,15,2.58,16,2.38,2.4767741935483873,FALSE,1,4,2,3,3,3,2,2,1,3,1,3,5,4,37
477,9,22,f,HUMANITIES,13,1.21,16,2.03,1.6624137931034482,FALSE,5,2,2,4,3,3,3,4,3,1,4,5,4,2,45
424,23,22,f,HUMANITIES,15,2.73,16,2.2600000000000002,2.48741935483871,FALSE,3,3,1,2,4,4,6,3,4,4,4,3,3,1,45
577,11,22,f,HUMANITIES,16,1.7,17,2.55,2.1378787878787877,TRUE,NA,NA,NA,NA,NA,NA,NA,NA,NA,NA,NA,NA,NA,NA,NA
659,4,21,f,HUMANITIES,18,3.08,16,2.77,2.934117647058823,FALSE,NA,NA,NA,NA,NA,NA,NA,NA,NA,NA,NA,NA,NA,NA,NA
659,4,21,f,HUMANITIES,15,3.05,17,2.9699999999999998,3.0075,FALSE,NA,NA,NA,NA,NA,NA,NA,NA,NA,NA,NA,NA,NA,NA,NA
103,16,21,m,HUMANITIES,16,1.6700000000000002,16,2.46,2.065,FALSE,1,4,5,2,2,6,2,2,4,1,3,1,5,5,43
113,12,21,m,HUMANITIES,16,1.84,16,2.3899999999999997,2.1149999999999998,FALSE,1,1,3,3,1,2,1,5,5,4,2,3,1,4,36
104,15,22,m,HUMANITIES,16,2.88,16,3.8299999999999996,3.3549999999999995,TRUE,1,2,2,2,5,2,2,1,4,1,3,5,2,1,33
252,21,22,m,HUMANITIES,16,1.55,16,2.46,2.005,TRUE,2,1,3,4,1,1,5,6,4,2,4,3,3,1,40
373,12,22,m,HUMANITIES,12,0.63,16,1.3,1.012857142857143,FALSE,2,1,1,5,4,4,3,2,1,5,4,2,6,2,42
725,11,22,m,HUMANITIES,16,2.22,12,2.77,2.455714285714286,FALSE,1,2,2,5,2,2,3,2,5,2,2,5,3,3,39
860,7,22,m,HUMANITIES,13,2.52,15,2.65,2.5896428571428567,FALSE,1,5,1,1,2,6,4,1,3,3,3,5,4,3,42
520,21,22,m,HUMANITIES,16,1.93,12,2.34,2.1057142857142854,FALSE,NA,NA,NA,NA,NA,NA,NA,NA,NA,NA,NA,NA,NA,NA,NA
569,12,23,m,HUMANITIES,13,2.4299999999999997,12,3.09,2.7467999999999995,FALSE,5,3,3,3,5,6,6,1,2,2,3,5,6,5,55
428,1,22,m,HUMANITIES,12,3.04,15,2.84,2.928888888888889,FALSE,1,5,2,2,3,6,1,1,5,1,6,1,1,3,38
177,5,21,f,HUMANITIES,18,2.59,15,2.67,2.626363636363636,FALSE,3,6,4,1,2,1,3,1,1,2,3,5,3,5,40
282,6,22,f,HUMANITIES,17,2.4699999999999998,16,2.2,2.339090909090909,FALSE,4,1,3,2,4,2,2,3,4,5,3,2,1,1,37
341,10,22,f,HUMANITIES,16,2.8,17,2.48,2.635151515151515,FALSE,2,4,6,2,4,3,1,2,5,3,2,2,1,5,42
921,8,22,m,HUMANITIES,15,3.48,16,3.3499999999999996,3.4129032258064513,FALSE,5,2,3,4,1,2,3,6,2,3,1,1,2,3,38
935,3,22,f,HUMANITIES,16,2.08,17,1.97,2.0233333333333334,FALSE,NA,NA,NA,NA,NA,NA,NA,NA,NA,NA,NA,NA,NA,NA,NA
286,18,22,m,HUMANITIES,17,3.9099999999999997,17,3.66,3.785,FALSE,3,3,4,2,2,5,2,4,4,1,2,3,3,5,43
957,15,23,f,HUMANITIES,15,3.25,16,3.3099999999999996,3.2809677419354837,FALSE,4,6,4,4,2,2,5,3,1,1,6,2,1,2,43
650,9,22,f,HUMANITIES,12,3.38,16,3.88,3.665714285714286,FALSE,NA,NA,NA,NA,NA,NA,NA,NA,NA,NA,NA,NA,NA,NA,NA
498,6,22,f,HUMANITIES,16,2.7800000000000002,15,2.58,2.6832258064516132,FALSE,4,3,2,4,2,3,5,1,1,1,2,4,1,4,37
943,2,23,m,HUMANITIES,17,3.52,18,2.84,3.1702857142857144,FALSE,NA,NA,NA,NA,NA,NA,NA,NA,NA,NA,NA,NA,NA,NA,NA
505,21,22,f,HUMANITIES,14,3.8299999999999996,16,3.11,3.4459999999999997,FALSE,3,2,2,5,1,1,1,6,2,4,1,4,2,6,40
465,11,22,f,HUMANITIES,17,3.21,16,2.8299999999999996,3.0257575757575754,FALSE,6,2,5,5,3,1,1,5,4,5,1,1,1,5,45
732,22,22,m,HUMANITIES,16,2.73,17,3.03,2.8845454545454543,FALSE,3,1,5,1,3,2,3,3,2,2,3,4,1,5,38
467,7,22,m,HUMANITIES,13,1.82,13,1.85,1.835,FALSE,2,2,3,1,1,1,3,3,2,3,6,3,2,1,33
563,20,23,f,HUMANITIES,15,1.97,16,1.78,1.8719354838709679,FALSE,3,4,1,6,3,3,3,3,6,1,4,3,5,1,46
851,8,22,m,HUMANITIES,14,1.59,17,1.77,1.6887096774193548,FALSE,6,4,3,3,3,2,4,1,2,3,1,2,3,2,39
655,3,22,m,HUMANITIES,16,2.08,16,1.9,1.99,FALSE,3,2,4,1,1,3,3,3,4,1,3,2,1,3,34
796,11,22,m,HUMANITIES,17,2.8099999999999996,14,2.46,2.6519354838709677,FALSE,2,4,2,4,5,3,2,1,5,3,3,2,2,1,39
669,5,22,m,HUMANITIES,NA,NA,NA,NA,NA,NA,2,1,6,3,6,5,2,1,1,1,1,1,1,5,36
664,10,23,f,HUMANITIES,16,1.1600000000000001,16,1.02,1.09,FALSE,NA,NA,NA,NA,NA,NA,NA,NA,NA,NA,NA,NA,NA,NA,NA
116,6,22,m,HUMANITIES,17,3.18,15,2.4899999999999998,2.8565625,FALSE,3,3,1,1,3,2,2,3,3,2,2,1,3,3,32
857,5,22,m,HUMANITIES,16,1.02,17,1.62,1.329090909090909,FALSE,NA,NA,NA,NA,NA,NA,NA,NA,NA,NA,NA,NA,NA,NA,NA
261,12,21,f,HUMANITIES,17,3.36,17,2.84,3.1,FALSE,2,1,5,4,5,5,3,2,2,5,1,3,4,4,46
827,9,23,m,HUMANITIES,16,2.29,17,1.97,2.125151515151515,FALSE,5,1,6,3,4,5,2,5,1,3,1,2,2,1,41
383,22,22,m,HUMANITIES,15,3.4299999999999997,17,2.8499999999999996,3.1218749999999997,FALSE,5,4,2,1,5,2,6,5,4,1,1,3,5,6,50
648,13,21,m,HUMANITIES,12,1.4,16,1.82,1.6400000000000001,FALSE,NA,NA,NA,NA,NA,NA,NA,NA,NA,NA,NA,NA,NA,NA,NA
550,23,22,f,HUMANITIES,16,2.9299999999999997,15,2.7800000000000002,2.8574193548387097,FALSE,5,6,3,2,1,5,1,3,3,3,3,3,1,3,42
710,12,21,m,HUMANITIES,15,2.9699999999999998,16,2.65,2.8048387096774188,FALSE,1,6,6,1,2,3,1,6,1,3,1,2,4,1,38
516,13,22,f,HUMANITIES,18,1.99,15,0.9500000000000001,1.5172727272727273,TRUE,NA,NA,NA,NA,NA,NA,NA,NA,NA,NA,NA,NA,NA,NA,NA
964,21,22,m,HUMANITIES,16,3.63,16,3.36,3.495,FALSE,1,3,3,1,1,3,2,2,5,6,2,1,1,3,34
802,1,23,m,HUMANITIES,18,2.75,13,2.8099999999999996,2.775161290322581,FALSE,1,1,2,6,3,1,5,1,4,5,2,4,1,4,40
789,21,22,m,HUMANITIES,16,2.98,17,3.25,3.119090909090909,FALSE,NA,NA,NA,NA,NA,NA,NA,NA,NA,NA,NA,NA,NA,NA,NA
846,23,22,m,HUMANITIES,16,3.7,14,2.73,3.247333333333333,TRUE,NA,NA,NA,NA,NA,NA,NA,NA,NA,NA,NA,NA,NA,NA,NA
838,11,23,f,HUMANITIES,16,2.4699999999999998,10,2.64,2.5353846153846153,FALSE,1,5,3,3,1,1,3,5,4,2,4,2,2,3,39
975,10,22,f,HUMANITIES,14,1.85,15,1.28,1.5551724137931036,FALSE,NA,NA,NA,NA,NA,NA,NA,NA,NA,NA,NA,NA,NA,NA,NA
862,17,22,f,HUMANITIES,12,2.44,16,2.9499999999999997,2.731428571428571,FALSE,5,5,3,3,5,2,5,5,5,5,6,4,6,2,61
495,6,22,f,HUMANITIES,16,2.58,13,2.25,2.4320689655172414,FALSE,NA,NA,NA,NA,NA,NA,NA,NA,NA,NA,NA,NA,NA,NA,NA
507,11,22,m,HUMANITIES,16,3.96,17,3.65,3.8003030303030303,FALSE,1,2,3,2,5,5,1,5,3,4,1,1,3,3,39
487,16,22,f,HUMANITIES,16,1.8800000000000001,13,2.07,1.9651724137931033,FALSE,NA,NA,NA,NA,NA,NA,NA,NA,NA,NA,NA,NA,NA,NA,NA
543,21,22,f,HUMANITIES,15,3.82,16,3.74,3.778709677419355,FALSE,2,6,4,2,1,5,3,4,3,4,5,5,2,2,48
961,14,22,m,HUMANITIES,17,1.99,16,1.82,1.9075757575757577,FALSE,1,4,3,2,1,4,4,1,5,4,4,5,1,2,41
407,21,21,m,HUMANITIES,16,3.2600000000000002,11,2.7800000000000002,3.0644444444444447,FALSE,4,4,3,6,3,4,6,2,3,5,3,4,5,2,54
345,5,22,m,HUMANITIES,14,2.34,16,2.75,2.5586666666666664,FALSE,NA,NA,NA,NA,NA,NA,NA,NA,NA,NA,NA,NA,NA,NA,NA
790,23,22,f,HUMANITIES,15,3.38,16,3.74,3.565806451612903,FALSE,NA,NA,NA,NA,NA,NA,NA,NA,NA,NA,NA,NA,NA,NA,NA
886,8,21,f,HUMANITIES,16,3.7600000000000002,18,3.8299999999999996,3.7970588235294116,FALSE,1,3,2,2,4,5,3,3,1,1,3,3,2,6,39
647,12,22,m,HUMANITIES,16,2.56,17,2.79,2.6784848484848487,FALSE,1,5,3,2,2,2,4,1,3,1,5,1,1,6,37
329,23,23,f,HUMANITIES,16,2.68,16,3.04,2.8600000000000003,FALSE,2,3,3,4,3,2,3,5,4,5,4,4,6,1,49
494,16,22,f,HUMANITIES,16,1.9,17,2.05,1.9772727272727273,FALSE,2,4,3,1,2,2,2,5,2,5,2,1,5,1,37
876,23,22,f,HUMANITIES,13,2.36,17,2.71,2.558333333333333,FALSE,6,3,5,4,2,2,6,1,1,5,1,5,1,5,47
245,12,22,m,HUMANITIES,15,3.32,17,3.16,3.235,FALSE,4,6,3,1,2,1,1,3,2,4,6,5,3,4,45
688,5,22,m,HUMANITIES,17,3.8499999999999996,12,3.79,3.825172413793103,FALSE,NA,NA,NA,NA,NA,NA,NA,NA,NA,NA,NA,NA,NA,NA,NA
533,21,22,f,HUMANITIES,17,2.4,12,2.4299999999999997,2.412413793103448,FALSE,3,3,5,5,1,1,2,4,3,1,3,4,1,5,41
409,19,22,m,HUMANITIES,16,3.12,15,2.9699999999999998,3.0474193548387096,FALSE,3,6,1,5,2,5,1,1,2,3,3,1,1,1,35
452,3,22,m,HUMANITIES,17,2.3899999999999997,16,1.96,2.181515151515151,FALSE,5,3,4,1,2,2,1,1,4,3,3,4,3,5,41
597,22,22,f,HUMANITIES,16,1.97,16,2.36,2.165,FALSE,2,1,4,1,2,5,3,6,3,4,5,5,2,3,46
216,18,22,m,HUMANITIES,16,3.27,15,3.07,3.173225806451613,FALSE,NA,NA,NA,NA,NA,NA,NA,NA,NA,NA,NA,NA,NA,NA,NA
645,13,22,m,HUMANITIES,17,3.4899999999999998,16,2.84,3.174848484848485,FALSE,5,6,2,1,5,3,3,3,3,2,4,3,1,2,43
992,15,22,f,HUMANITIES,17,2.69,16,2.22,2.462121212121212,FALSE,1,4,3,4,2,3,3,2,5,4,2,2,3,5,43
568,9,22,f,HUMANITIES,13,2.3099999999999996,15,1.58,1.9189285714285713,TRUE,5,3,5,3,3,2,1,1,2,1,1,3,1,2,33
161,9,22,m,HUMANITIES,16,1.55,17,1.54,1.544848484848485,FALSE,NA,NA,NA,NA,NA,NA,NA,NA,NA,NA,NA,NA,NA,NA,NA
298,6,23,f,HUMANITIES,15,2.9499999999999997,15,3.13,3.0399999999999996,FALSE,4,2,2,5,6,5,1,1,6,2,6,1,2,4,47
379,12,22,m,HUMANITIES,16,3.3899999999999997,16,3.2800000000000002,3.335,FALSE,NA,NA,NA,NA,NA,NA,NA,NA,NA,NA,NA,NA,NA,NA,NA
195,9,21,f,HUMANITIES,16,3.53,17,2.66,3.0818181818181816,TRUE,5,2,1,5,3,2,3,3,5,5,2,5,3,1,45
565,3,21,f,HUMANITIES,16,2.09,16,1.8,1.9449999999999998,FALSE,NA,NA,NA,NA,NA,NA,NA,NA,NA,NA,NA,NA,NA,NA,NA
278,6,22,f,HUMANITIES,16,0.88,16,1.08,0.98,FALSE,3,4,1,3,4,2,3,1,3,5,3,1,5,2,40
623,23,21,f,HUMANITIES,17,2.8299999999999996,17,2.86,2.8449999999999998,FALSE,2,3,1,4,1,5,5,3,3,3,1,3,3,5,42
235,18,22,f,HUMANITIES,17,1.51,12,1.75,1.6093103448275863,FALSE,1,3,1,2,3,2,2,1,5,3,2,1,5,4,35
882,2,22,m,HUMANITIES,18,3.7600000000000002,16,3.36,3.571764705882353,FALSE,NA,NA,NA,NA,NA,NA,NA,NA,NA,NA,NA,NA,NA,NA,NA
735,10,22,f,HUMANITIES,18,2.2,17,2.15,2.1757142857142857,FALSE,5,5,5,1,1,4,4,3,3,2,2,1,5,6,47
705,10,22,f,HUMANITIES,16,3.4299999999999997,16,3.86,3.6449999999999996,FALSE,NA,NA,NA,NA,NA,NA,NA,NA,NA,NA,NA,NA,NA,NA,NA
144,19,22,f,HUMANITIES,16,2.46,16,2.2600000000000002,2.3600000000000003,FALSE,3,3,5,3,2,3,5,2,4,4,2,2,4,3,45
672,4,22,m,HUMANITIES,16,3.56,17,3.4899999999999998,3.5239393939393935,FALSE,NA,NA,NA,NA,NA,NA,NA,NA,NA,NA,NA,NA,NA,NA,NA
334,5,23,m,HUMANITIES,18,2.12,17,2.3299999999999996,2.222,FALSE,3,5,2,6,2,3,1,5,5,3,2,5,1,6,49
322,16,22,m,HUMANITIES,14,2.38,17,1.76,2.04,FALSE,2,2,5,2,4,6,2,1,3,6,1,5,5,6,50
931,10,22,f,HUMANITIES,16,3.11,15,3.4099999999999997,3.2551612903225804,FALSE,NA,NA,NA,NA,NA,NA,NA,NA,NA,NA,NA,NA,NA,NA,NA
971,5,22,m,HUMANITIES,15,3.08,17,2.59,2.8196875,FALSE,4,6,3,2,3,1,3,2,3,2,2,4,2,2,39
537,5,22,m,HUMANITIES,15,1.46,17,1.37,1.4121875,FALSE,1,5,5,3,1,5,4,4,1,2,3,4,2,1,41
758,20,22,m,HUMANITIES,16,2.8699999999999997,16,3.13,3,FALSE,1,5,1,1,3,6,2,1,3,2,2,1,3,5,36
658,2,22,f,HUMANITIES,17,2.61,15,2.3299999999999996,2.47875,FALSE,6,5,5,1,1,1,1,2,2,3,4,1,4,1,37
391,10,22,m,HUMANITIES,11,1.58,17,1.45,1.5010714285714286,FALSE,3,3,1,1,1,3,2,2,2,2,3,4,2,2,31
546,5,21,f,HUMANITIES,16,2.14,16,2.21,2.175,FALSE,1,3,1,5,4,5,5,3,1,3,5,1,2,2,41
861,17,21,f,HUMANITIES,16,3.01,15,3,3.0051612903225804,FALSE,1,4,3,1,4,5,2,3,3,1,1,3,1,3,35
952,17,22,m,HUMANITIES,15,2.3899999999999997,17,1.6,1.9703125,TRUE,3,1,3,6,4,1,6,1,5,2,2,1,4,1,40
747,17,22,f,HUMANITIES,17,3.17,16,3.3099999999999996,3.237878787878788,FALSE,NA,NA,NA,NA,NA,NA,NA,NA,NA,NA,NA,NA,NA,NA,NA
114,3,22,m,HUMANITIES,13,2.4899999999999998,16,2.02,2.2306896551724136,FALSE,NA,NA,NA,NA,NA,NA,NA,NA,NA,NA,NA,NA,NA,NA,NA
995,12,23,m,HUMANITIES,14,2.9499999999999997,13,3.42,3.176296296296296,FALSE,5,3,1,3,1,1,1,3,4,5,1,1,6,2,37
765,9,22,m,HUMANITIES,17,2.04,17,2.21,2.125,FALSE,3,2,1,3,6,4,1,2,3,4,3,6,1,2,41
301,19,22,m,HUMANITIES,16,3.4899999999999998,17,2.3299999999999996,2.892424242424242,TRUE,3,3,1,5,1,6,1,4,2,5,3,5,1,4,44
936,9,22,f,HUMANITIES,18,2.8299999999999996,16,3.51,3.15,TRUE,3,1,5,5,4,2,4,1,1,5,3,2,5,2,43
203,21,22,m,HUMANITIES,17,3.25,16,2.4299999999999997,2.852424242424242,TRUE,2,3,1,4,3,4,1,5,3,1,4,2,1,2,36
939,15,21,f,HUMANITIES,17,2.9699999999999998,16,2.8299999999999996,2.9021212121212114,FALSE,1,2,3,1,3,4,5,1,4,5,3,4,2,3,41
478,6,23,f,HUMANITIES,14,2.02,17,2.36,2.206451612903226,FALSE,2,1,5,3,1,4,5,6,2,3,5,5,3,3,48
942,6,22,m,HUMANITIES,15,3.4899999999999998,12,2.9299999999999997,3.2411111111111106,FALSE,NA,NA,NA,NA,NA,NA,NA,NA,NA,NA,NA,NA,NA,NA,NA
344,13,22,f,HUMANITIES,17,3.3099999999999996,16,3.04,3.179090909090909,FALSE,3,4,2,3,5,3,2,2,2,3,3,1,2,3,38
512,20,22,m,HUMANITIES,12,3.68,16,3.14,3.3714285714285714,FALSE,NA,NA,NA,NA,NA,NA,NA,NA,NA,NA,NA,NA,NA,NA,NA
760,12,21,m,HUMANITIES,18,3.53,18,3.68,3.605,FALSE,2,5,3,2,1,5,4,5,2,1,1,3,5,4,43
429,18,23,m,HUMANITIES,17,3.17,16,2.32,2.757878787878788,TRUE,3,5,1,3,3,1,1,4,1,3,1,3,5,1,35
927,7,21,m,HUMANITIES,15,2.61,17,1.71,2.131875,TRUE,2,1,2,4,4,2,5,1,2,5,5,4,1,5,43
806,5,22,m,HUMANITIES,17,2.46,12,3.13,2.7372413793103445,FALSE,NA,NA,NA,NA,NA,NA,NA,NA,NA,NA,NA,NA,NA,NA,NA
791,5,22,m,HUMANITIES,16,2.52,17,3.24,2.890909090909091,TRUE,1,1,4,4,6,2,3,2,1,4,2,1,1,5,37
941,5,22,f,HUMANITIES,16,3.7600000000000002,17,3.05,3.394242424242424,FALSE,4,6,6,1,1,3,2,1,3,5,1,3,5,2,43
594,11,22,f,HUMANITIES,14,1.81,16,2.09,1.9593333333333334,FALSE,4,4,5,3,4,4,2,4,3,5,6,5,3,6,58
907,19,22,f,HUMANITIES,16,2.04,17,2.3899999999999997,2.2203030303030302,FALSE,NA,NA,NA,NA,NA,NA,NA,NA,NA,NA,NA,NA,NA,NA,NA
509,11,22,f,HUMANITIES,16,2.48,16,2.6,2.54,FALSE,NA,NA,NA,NA,NA,NA,NA,NA,NA,NA,NA,NA,NA,NA,NA
928,3,22,m,HUMANITIES,16,3.01,17,2.8699999999999997,2.9378787878787875,FALSE,2,5,1,6,2,3,5,3,2,2,1,3,2,2,39
885,1,22,m,HUMANITIES,16,3.54,16,3.4099999999999997,3.4749999999999996,FALSE,1,2,4,4,4,3,3,2,5,1,1,2,3,1,36
969,12,23,m,HUMANITIES,15,3.4099999999999997,15,3.6,3.5050000000000003,FALSE,1,2,3,3,2,6,1,1,2,5,3,3,1,5,38
681,13,22,f,HUMANITIES,17,3.96,18,3.3099999999999996,3.625714285714285,FALSE,1,3,4,3,2,2,5,5,4,3,5,3,2,1,43
289,1,23,m,HUMANITIES,17,3.1,15,2.62,2.875,FALSE,2,3,1,1,1,1,1,2,4,1,2,6,4,1,30
237,8,22,f,HUMANITIES,17,2.7600000000000002,16,2.64,2.7018181818181817,FALSE,1,3,5,5,3,1,3,3,2,4,2,1,1,5,39
614,13,22,f,HUMANITIES,16,1.52,15,1.5,1.5103225806451612,FALSE,NA,NA,NA,NA,NA,NA,NA,NA,NA,NA,NA,NA,NA,NA,NA
259,16,22,f,HUMANITIES,17,2.34,12,3.13,2.666896551724138,TRUE,NA,NA,NA,NA,NA,NA,NA,NA,NA,NA,NA,NA,NA,NA,NA
793,6,22,f,HUMANITIES,17,2.62,16,3.21,2.9060606060606062,FALSE,5,3,6,3,5,2,3,5,2,2,4,1,5,2,48
640,20,22,f,HUMANITIES,17,2.73,16,1.5,2.1336363636363633,TRUE,NA,NA,NA,NA,NA,NA,NA,NA,NA,NA,NA,NA,NA,NA,NA
410,7,23,f,HUMANITIES,16,2.11,17,2.46,2.29030303030303,FALSE,4,1,1,3,1,2,6,5,6,1,2,2,1,3,38
836,16,22,f,HUMANITIES,17,2.7800000000000002,17,2.59,2.685,FALSE,1,1,2,1,6,6,2,4,5,4,5,1,6,4,48
603,13,22,f,HUMANITIES,17,2.36,14,1.55,1.9941935483870965,TRUE,1,4,5,2,4,5,2,3,1,1,5,4,1,3,41
355,14,22,f,SOCIAL SCIENCES,16,2.3899999999999997,16,2.8,2.5949999999999998,FALSE,4,5,4,6,2,6,5,3,2,3,2,4,3,1,50
267,14,22,f,SOCIAL SCIENCES,16,3.67,15,3.06,3.3748387096774195,FALSE,3,2,3,4,5,2,4,3,2,2,6,2,4,5,47
360,10,23,m,SOCIAL SCIENCES,17,2.11,16,1.6600000000000001,1.8918181818181818,FALSE,2,5,2,3,2,4,3,2,4,2,3,3,5,2,42
982,17,22,f,SOCIAL SCIENCES,16,1.26,16,1.92,1.5899999999999999,FALSE,NA,NA,NA,NA,NA,NA,NA,NA,NA,NA,NA,NA,NA,NA,NA
762,18,22,m,SOCIAL SCIENCES,15,2.07,15,2.77,2.42,FALSE,3,2,4,1,2,1,2,3,3,2,2,5,6,1,37
726,15,22,m,SOCIAL SCIENCES,16,3.53,17,3.7,3.6175757575757572,FALSE,2,1,4,2,4,3,3,4,3,6,4,6,6,2,50
200,6,22,f,SOCIAL SCIENCES,13,2.27,12,2.3299999999999996,2.2988,FALSE,NA,NA,NA,NA,NA,NA,NA,NA,NA,NA,NA,NA,NA,NA,NA
142,3,22,m,SOCIAL SCIENCES,17,2.2600000000000002,16,1.8900000000000001,2.0806060606060606,FALSE,NA,NA,NA,NA,NA,NA,NA,NA,NA,NA,NA,NA,NA,NA,NA
722,19,22,f,SOCIAL SCIENCES,16,2.4099999999999997,16,1.96,2.1849999999999996,FALSE,NA,NA,NA,NA,NA,NA,NA,NA,NA,NA,NA,NA,NA,NA,NA
561,20,21,f,SOCIAL SCIENCES,12,3.01,17,3.14,3.086206896551724,FALSE,3,1,6,3,6,3,2,6,5,3,4,6,2,2,52
230,14,22,f,SOCIAL SCIENCES,16,3.8099999999999996,15,3.5,3.6599999999999997,FALSE,NA,NA,NA,NA,NA,NA,NA,NA,NA,NA,NA,NA,NA,NA,NA
711,12,22,f,SOCIAL SCIENCES,13,1,15,0.71,0.8446428571428571,FALSE,3,3,2,2,4,6,2,3,4,4,6,2,4,4,49
233,19,22,f,SOCIAL SCIENCES,16,2.21,15,1.93,2.0745161290322582,FALSE,5,5,3,6,6,4,2,4,4,1,4,4,1,4,53
714,17,21,m,SOCIAL SCIENCES,16,2.55,12,1.81,2.2328571428571427,TRUE,4,2,6,2,6,2,1,4,3,2,3,6,4,2,47
818,23,22,f,SOCIAL SCIENCES,17,1.3800000000000001,15,1.32,1.3518750000000002,FALSE,NA,NA,NA,NA,NA,NA,NA,NA,NA,NA,NA,NA,NA,NA,NA
426,12,22,m,SOCIAL SCIENCES,17,2.68,16,2.72,2.6993939393939397,FALSE,6,1,4,3,3,3,4,3,6,2,3,4,2,5,49
121,8,22,m,SOCIAL SCIENCES,16,3.3499999999999996,9,3.4899999999999998,3.4003999999999994,FALSE,NA,NA,NA,NA,NA,NA,NA,NA,NA,NA,NA,NA,NA,NA,NA
134,3,22,f,SOCIAL SCIENCES,17,1.31,16,1.46,1.3827272727272726,FALSE,NA,NA,NA,NA,NA,NA,NA,NA,NA,NA,NA,NA,NA,NA,NA
575,9,22,f,SOCIAL SCIENCES,17,2.03,17,2.3,2.1649999999999996,FALSE,3,4,4,3,2,4,2,4,2,1,4,3,3,6,45
454,1,22,m,SOCIAL SCIENCES,16,2.57,11,2.94,2.7207407407407405,FALSE,NA,NA,NA,NA,NA,NA,NA,NA,NA,NA,NA,NA,NA,NA,NA
100,6,23,m,SOCIAL SCIENCES,17,0.93,13,1.06,0.9863333333333334,FALSE,3,1,4,4,2,2,2,2,3,2,1,5,2,2,35
403,2,22,f,SOCIAL SCIENCES,16,3.64,17,3.74,3.691515151515152,FALSE,2,4,4,1,1,4,5,4,3,2,3,2,5,4,44
357,17,22,f,SOCIAL SCIENCES,15,2.2600000000000002,17,1.91,2.0740625,FALSE,4,2,4,3,3,4,4,6,3,2,2,4,1,1,43
275,16,22,f,SOCIAL SCIENCES,11,2,16,1.83,1.8992592592592592,FALSE,3,3,2,2,4,5,3,3,2,4,4,2,2,3,42
496,17,22,m,SOCIAL SCIENCES,16,3.32,16,3,3.16,FALSE,NA,NA,NA,NA,NA,NA,NA,NA,NA,NA,NA,NA,NA,NA,NA
143,7,22,f,SOCIAL SCIENCES,15,2.59,15,3.27,2.9299999999999997,TRUE,2,1,4,6,3,1,2,5,6,3,2,3,1,1,40
620,16,20,f,SOCIAL SCIENCES,16,2.96,16,2.86,2.91,FALSE,3,5,6,4,4,4,4,4,6,4,3,4,6,6,63
339,4,22,m,SOCIAL SCIENCES,16,1.45,16,2.29,1.87,FALSE,1,3,2,1,4,2,4,3,2,1,2,4,3,3,35
105,3,22,m,SOCIAL SCIENCES,17,3.38,15,3.21,3.3003125,FALSE,2,2,2,1,2,2,1,2,6,3,4,4,4,6,41
944,9,22,f,SOCIAL SCIENCES,16,2.4299999999999997,15,1.6900000000000002,2.0719354838709676,TRUE,4,6,3,1,2,2,2,4,6,5,2,6,1,5,49
169,9,22,m,SOCIAL SCIENCES,16,2.64,17,2.51,2.573030303030303,FALSE,2,2,3,3,2,5,5,3,3,3,5,2,4,3,45
461,1,22,m,SOCIAL SCIENCES,15,1.11,16,1.6900000000000002,1.4093548387096775,FALSE,1,1,1,3,2,4,5,1,1,4,3,1,3,3,33
724,23,22,m,SOCIAL SCIENCES,17,1.9,17,2.16,2.03,FALSE,5,2,6,4,2,4,5,3,1,2,5,2,3,2,46
947,14,22,f,SOCIAL SCIENCES,16,2.42,18,2.2600000000000002,2.335294117647059,FALSE,2,2,1,6,4,1,2,2,3,6,4,1,6,1,41
531,10,22,m,SOCIAL SCIENCES,17,3.12,16,3.57,3.338181818181818,FALSE,3,2,6,4,2,3,6,4,3,5,2,5,2,6,53
358,12,21,m,SOCIAL SCIENCES,17,3.14,16,2.69,2.921818181818182,FALSE,NA,NA,NA,NA,NA,NA,NA,NA,NA,NA,NA,NA,NA,NA,NA
328,20,22,m,SOCIAL SCIENCES,14,1.92,15,2.72,2.333793103448276,TRUE,1,6,5,3,2,3,5,4,5,2,5,3,5,5,54
807,19,22,m,SOCIAL SCIENCES,15,3.8,17,3.8899999999999997,3.8478125,FALSE,2,1,2,2,5,2,3,4,1,6,3,3,3,6,43
542,20,22,m,SOCIAL SCIENCES,16,2.16,17,3.06,2.623636363636364,TRUE,2,1,1,3,1,3,5,3,3,3,1,6,1,4,37
196,8,25,f,SOCIAL SCIENCES,16,3.2600000000000002,11,2.98,3.145925925925926,FALSE,NA,NA,NA,NA,NA,NA,NA,NA,NA,NA,NA,NA,NA,NA,NA
581,18,22,f,SOCIAL SCIENCES,16,3.32,18,2.18,2.716470588235294,TRUE,5,4,3,1,2,4,4,4,5,5,2,6,4,4,53
476,12,22,f,SOCIAL SCIENCES,16,2.46,16,2.48,2.4699999999999998,FALSE,6,2,6,4,1,1,4,4,4,4,1,3,4,6,50
408,20,22,f,SOCIAL SCIENCES,15,2.56,16,2.36,2.456774193548387,FALSE,1,2,6,4,4,3,6,4,6,3,5,5,6,2,57
572,23,21,m,SOCIAL SCIENCES,17,2.6,16,2,2.309090909090909,FALSE,6,3,4,2,3,3,4,2,2,3,5,2,6,2,47
377,10,23,m,SOCIAL SCIENCES,17,2.3499999999999996,16,3.71,3.0093939393939393,TRUE,NA,NA,NA,NA,NA,NA,NA,NA,NA,NA,NA,NA,NA,NA,NA
486,13,22,f,SOCIAL SCIENCES,16,1.56,12,1.84,1.6800000000000002,FALSE,5,2,5,1,6,6,2,2,6,2,4,6,1,2,50
720,1,22,f,SOCIAL SCIENCES,16,2.84,17,2.72,2.7781818181818183,FALSE,1,3,4,3,2,5,3,6,4,3,1,2,1,6,44
229,22,21,m,SOCIAL SCIENCES,16,1.44,16,1.85,1.645,FALSE,2,4,4,4,2,2,3,4,5,6,2,3,4,1,46
242,23,22,m,SOCIAL SCIENCES,16,0.96,15,1.28,1.1148387096774195,FALSE,NA,NA,NA,NA,NA,NA,NA,NA,NA,NA,NA,NA,NA,NA,NA
631,7,23,m,SOCIAL SCIENCES,16,3.3,17,3.82,3.567878787878788,FALSE,2,1,3,4,4,4,1,6,6,5,2,2,3,5,48
115,8,22,m,SOCIAL SCIENCES,17,2,16,1.31,1.6654545454545455,TRUE,NA,NA,NA,NA,NA,NA,NA,NA,NA,NA,NA,NA,NA,NA,NA
764,1,22,f,SOCIAL SCIENCES,16,3.63,16,3.08,3.355,FALSE,1,3,3,6,1,4,4,5,4,5,6,4,2,2,50
576,19,22,f,SOCIAL SCIENCES,17,2.86,16,3.3899999999999997,3.1169696969696967,FALSE,6,4,3,2,3,4,3,3,2,2,5,3,3,4,47
416,12,22,f,SOCIAL SCIENCES,16,2.2800000000000002,17,2.6,2.4448484848484853,FALSE,1,2,4,3,1,6,3,4,3,6,1,3,4,4,45
684,1,22,m,SOCIAL SCIENCES,16,2.51,17,2.6,2.556363636363636,FALSE,NA,NA,NA,NA,NA,NA,NA,NA,NA,NA,NA,NA,NA,NA,NA
349,16,22,f,SOCIAL SCIENCES,16,2.44,16,2.72,2.58,FALSE,6,5,6,1,1,3,6,4,4,4,1,4,1,5,51
157,17,22,f,SOCIAL SCIENCES,16,2.42,16,2.6,2.51,FALSE,2,6,5,5,5,3,3,2,5,6,5,6,2,3,58
544,8,22,m,SOCIAL SCIENCES,16,1.6400000000000001,16,2.34,1.99,FALSE,6,5,2,1,6,5,6,3,2,5,6,1,3,3,54
256,18,22,m,SOCIAL SCIENCES,17,2.62,15,2.79,2.6996875,FALSE,1,3,4,4,4,4,6,3,3,2,2,2,5,1,44
570,3,22,f,SOCIAL SCIENCES,16,1.78,17,1.31,1.5378787878787878,FALSE,NA,NA,NA,NA,NA,NA,NA,NA,NA,NA,NA,NA,NA,NA,NA
268,5,23,m,SOCIAL SCIENCES,15,3.59,16,2.98,3.275161290322581,FALSE,4,6,4,2,5,6,6,6,1,2,5,3,3,4,57
730,8,22,f,SOCIAL SCIENCES,16,2.4299999999999997,17,2.8699999999999997,2.6566666666666663,FALSE,6,1,2,4,4,2,6,3,1,4,2,1,4,1,41
364,4,22,f,SOCIAL SCIENCES,16,2.54,15,3.8899999999999997,3.1932258064516126,TRUE,2,3,4,4,5,3,2,2,1,3,1,3,4,4,41
434,12,22,m,SOCIAL SCIENCES,15,1.48,13,1.71,1.5867857142857142,FALSE,2,2,1,2,6,4,4,2,3,5,2,6,2,1,42
387,8,23,f,SOCIAL SCIENCES,16,2.7600000000000002,12,2.8099999999999996,2.781428571428571,FALSE,3,1,5,2,2,3,2,2,6,2,3,2,4,4,41
375,20,22,f,SOCIAL SCIENCES,18,2.65,13,2.9899999999999998,2.7925806451612902,FALSE,2,4,4,6,2,1,3,5,3,3,2,2,6,4,47
744,7,22,f,SOCIAL SCIENCES,16,3.27,16,3.74,3.505,FALSE,1,6,4,2,6,3,4,3,4,4,1,4,4,4,50
641,7,23,m,SOCIAL SCIENCES,17,1.2,17,1.77,1.4849999999999999,FALSE,2,3,4,1,2,4,3,3,3,3,3,4,2,6,43
260,21,22,m,SOCIAL SCIENCES,17,2.9699999999999998,16,3.29,3.125151515151515,FALSE,NA,NA,NA,NA,NA,NA,NA,NA,NA,NA,NA,NA,NA,NA,NA
823,9,22,f,SOCIAL SCIENCES,15,1.52,17,1.1600000000000001,1.32875,FALSE,3,3,2,5,5,1,3,4,2,4,2,2,2,3,41
365,4,22,f,SOCIAL SCIENCES,12,2.58,12,2.64,2.61,FALSE,2,2,1,1,4,1,3,2,3,2,1,5,4,4,35
311,11,21,m,SOCIAL SCIENCES,16,2,16,2.54,2.27,FALSE,1,3,6,4,3,4,1,4,1,6,3,6,2,4,48
396,13,22,m,SOCIAL SCIENCES,15,2.23,16,1.91,2.0648387096774194,FALSE,NA,NA,NA,NA,NA,NA,NA,NA,NA,NA,NA,NA,NA,NA,NA
678,13,21,m,SOCIAL SCIENCES,16,2.4699999999999998,15,1.87,2.1796774193548383,FALSE,3,4,6,5,2,6,1,2,2,3,3,6,2,2,47
479,9,22,f,SOCIAL SCIENCES,16,1.94,16,2.4,2.17,FALSE,NA,NA,NA,NA,NA,NA,NA,NA,NA,NA,NA,NA,NA,NA,NA
271,8,22,f,SOCIAL SCIENCES,18,2.08,16,1.6,1.8541176470588234,FALSE,4,1,3,5,2,3,2,6,3,4,2,3,3,6,47
517,9,22,m,SOCIAL SCIENCES,16,1.8,17,1.86,1.830909090909091,FALSE,3,3,2,4,4,2,1,5,3,6,6,3,3,3,48
251,21,22,m,SOCIAL SCIENCES,16,2.72,15,2.8299999999999996,2.7732258064516127,FALSE,NA,NA,NA,NA,NA,NA,NA,NA,NA,NA,NA,NA,NA,NA,NA
646,2,22,f,SOCIAL SCIENCES,17,2.7800000000000002,17,2.9,2.84,FALSE,6,2,3,5,2,5,2,4,4,6,3,3,2,3,50
258,13,22,m,SOCIAL SCIENCES,16,3.3699999999999997,16,3.57,3.4699999999999998,FALSE,NA,NA,NA,NA,NA,NA,NA,NA,NA,NA,NA,NA,NA,NA,NA
586,8,21,f,SOCIAL SCIENCES,17,2.38,16,2.64,2.5060606060606063,FALSE,4,4,1,2,4,6,3,3,6,3,2,6,2,1,47
989,22,23,f,SOCIAL SCIENCES,16,1.27,16,1.8800000000000001,1.5750000000000002,FALSE,NA,NA,NA,NA,NA,NA,NA,NA,NA,NA,NA,NA,NA,NA,NA
300,20,23,f,SOCIAL SCIENCES,17,2.44,13,2.62,2.518,FALSE,3,4,6,5,1,3,4,6,2,1,6,2,5,4,52
834,23,21,f,SOCIAL SCIENCES,16,1.95,16,2.4299999999999997,2.19,FALSE,5,2,4,3,3,6,2,4,2,6,3,4,3,6,53
591,22,23,f,SOCIAL SCIENCES,16,1.82,17,1.6900000000000002,1.7530303030303034,FALSE,NA,NA,NA,NA,NA,NA,NA,NA,NA,NA,NA,NA,NA,NA,NA
915,1,22,m,SOCIAL SCIENCES,15,1.78,16,1.82,1.8006451612903225,FALSE,6,4,2,2,6,2,6,1,4,4,2,3,3,3,48
406,21,22,m,SOCIAL SCIENCES,17,2.56,17,2.86,2.71,FALSE,4,4,1,6,1,3,6,3,5,2,2,2,2,1,42
257,15,23,f,SOCIAL SCIENCES,15,2.54,17,2.79,2.6728125,FALSE,2,4,3,3,3,4,1,3,3,2,1,4,1,3,37
872,16,22,f,SOCIAL SCIENCES,17,2.56,16,2.3099999999999996,2.4387878787878785,FALSE,3,3,4,3,2,6,6,4,2,2,3,1,3,5,47
687,14,22,m,SOCIAL SCIENCES,12,3.34,14,2.9699999999999998,3.1407692307692305,FALSE,2,4,1,4,2,5,4,2,3,1,6,6,4,4,48
909,2,22,f,SOCIAL SCIENCES,16,1.79,9,2.1,1.9016000000000002,FALSE,2,2,3,6,3,3,4,3,1,5,3,5,4,4,48
284,14,22,f,SOCIAL SCIENCES,16,2.86,16,2.69,2.775,FALSE,3,3,6,3,5,6,6,5,2,1,3,3,4,2,52
567,15,22,f,SOCIAL SCIENCES,15,3.18,16,2.82,2.9941935483870967,FALSE,6,4,4,6,6,3,2,4,4,2,1,1,1,3,47
444,23,22,f,SOCIAL SCIENCES,16,2.86,17,2.9899999999999998,2.9269696969696972,FALSE,NA,NA,NA,NA,NA,NA,NA,NA,NA,NA,NA,NA,NA,NA,NA
890,22,21,f,SOCIAL SCIENCES,16,1.8800000000000001,16,2.03,1.955,FALSE,3,2,2,5,4,5,3,4,3,1,3,6,4,1,46
150,17,23,m,SOCIAL SCIENCES,16,2.59,17,2.4499999999999997,2.517878787878788,FALSE,1,1,5,6,1,1,3,3,4,4,6,4,2,3,44
176,21,22,f,SOCIAL SCIENCES,16,2.4099999999999997,17,3.27,2.853030303030303,TRUE,NA,NA,NA,NA,NA,NA,NA,NA,NA,NA,NA,NA,NA,NA,NA
353,5,20,f,SOCIAL SCIENCES,17,2.4299999999999997,16,2.62,2.522121212121212,FALSE,2,1,3,3,4,4,2,6,4,1,3,4,3,2,42
374,6,22,f,SOCIAL SCIENCES,16,3.05,17,3.71,3.39,TRUE,NA,NA,NA,NA,NA,NA,NA,NA,NA,NA,NA,NA,NA,NA,NA
667,6,22,f,SOCIAL SCIENCES,16,3.23,17,3.18,3.2042424242424246,FALSE,NA,NA,NA,NA,NA,NA,NA,NA,NA,NA,NA,NA,NA,NA,NA
193,3,21,m,SOCIAL SCIENCES,10,3.42,15,3.01,3.174,FALSE,1,2,1,6,4,3,4,3,2,2,2,3,2,6,41
959,4,22,m,SOCIAL SCIENCES,16,2.27,17,2.38,2.3266666666666667,FALSE,3,3,2,3,5,4,1,6,6,1,6,4,3,4,51
325,3,21,f,SOCIAL SCIENCES,16,2.51,17,2.69,2.602727272727272,FALSE,NA,NA,NA,NA,NA,NA,NA,NA,NA,NA,NA,NA,NA,NA,NA
468,21,21,f,SOCIAL SCIENCES,17,1.58,15,0.76,1.195625,TRUE,4,4,4,6,4,1,6,2,5,5,3,6,1,4,55
555,8,21,m,SOCIAL SCIENCES,15,3.71,16,3.4499999999999997,3.575806451612903,FALSE,4,6,3,4,6,4,6,4,4,4,1,1,2,1,50
618,23,22,f,SOCIAL SCIENCES,17,0.92,17,0.63,0.775,FALSE,2,5,3,2,6,5,4,1,2,5,3,1,3,2,44
970,19,21,m,SOCIAL SCIENCES,16,3.3099999999999996,17,3.67,3.495454545454545,FALSE,2,1,4,3,1,1,3,2,3,2,5,3,4,3,37
490,19,22,f,SOCIAL SCIENCES,14,2.51,12,2.57,2.5376923076923075,FALSE,2,3,3,2,1,3,2,6,1,3,6,6,3,2,43
589,5,22,m,SOCIAL SCIENCES,15,1.53,16,1.23,1.3751612903225805,FALSE,NA,NA,NA,NA,NA,NA,NA,NA,NA,NA,NA,NA,NA,NA,NA
316,20,22,f,SOCIAL SCIENCES,17,1.8800000000000001,16,1.23,1.564848484848485,TRUE,1,2,4,1,2,1,4,2,4,4,2,4,4,4,39
118,5,22,m,SOCIAL SCIENCES,16,0.99,15,0.53,0.7674193548387096,TRUE,5,3,3,3,5,2,2,2,2,1,6,2,3,2,41
794,9,21,m,SOCIAL SCIENCES,17,2.53,15,2.8899999999999997,2.6987499999999995,FALSE,NA,NA,NA,NA,NA,NA,NA,NA,NA,NA,NA,NA,NA,NA,NA
756,18,23,f,SOCIAL SCIENCES,16,3.61,17,3.3699999999999997,3.486363636363636,FALSE,NA,NA,NA,NA,NA,NA,NA,NA,NA,NA,NA,NA,NA,NA,NA
151,7,23,m,SOCIAL SCIENCES,16,1.44,16,0.7899999999999999,1.115,TRUE,NA,NA,NA,NA,NA,NA,NA,NA,NA,NA,NA,NA,NA,NA,NA
865,23,22,f,SOCIAL SCIENCES,16,3.1,17,3.3099999999999996,3.2081818181818185,FALSE,1,6,6,6,3,6,6,3,3,1,4,2,3,3,53
435,19,23,m,SOCIAL SCIENCES,15,1.1400000000000001,16,0.62,0.8716129032258065,TRUE,1,3,4,3,5,5,3,2,4,6,2,3,5,3,49
920,22,22,f,SOCIAL SCIENCES,17,2.86,12,3.3299999999999996,3.054482758620689,FALSE,3,4,6,3,1,3,4,1,3,2,4,6,1,6,47
125,17,22,f,SOCIAL SCIENCES,17,2.9699999999999998,16,3.24,3.100909090909091,FALSE,4,2,2,5,4,3,4,1,1,4,4,2,3,4,43
206,4,22,f,SOCIAL SCIENCES,17,2.23,16,2.6,2.409393939393939,FALSE,NA,NA,NA,NA,NA,NA,NA,NA,NA,NA,NA,NA,NA,NA,NA
917,21,22,f,SOCIAL SCIENCES,15,2.71,17,3.01,2.869375,FALSE,2,2,2,4,2,1,4,3,5,2,4,2,4,4,41
668,10,22,m,SOCIAL SCIENCES,15,1.8,16,2,1.903225806451613,FALSE,3,3,4,6,3,4,2,6,3,2,4,6,6,6,58
737,22,22,f,SOCIAL SCIENCES,17,3.01,17,2.63,2.82,FALSE,NA,NA,NA,NA,NA,NA,NA,NA,NA,NA,NA,NA,NA,NA,NA
411,14,22,m,SOCIAL SCIENCES,15,1.79,16,1.52,1.6506451612903226,FALSE,4,3,3,4,3,4,3,2,4,3,6,4,6,1,50
394,3,22,f,SOCIAL SCIENCES,16,1.74,15,1.59,1.6674193548387095,FALSE,3,6,2,5,4,4,1,4,1,4,4,6,2,5,51
607,8,22,m,SOCIAL SCIENCES,15,1.6700000000000002,16,1.51,1.5874193548387097,FALSE,4,2,2,3,3,2,3,6,3,3,4,3,6,4,48
366,15,22,f,SOCIAL SCIENCES,17,2.23,18,2.3899999999999997,2.3122857142857143,FALSE,1,4,4,2,1,2,4,2,2,2,3,3,2,1,33
133,7,22,m,SOCIAL SCIENCES,16,2.75,17,2.44,2.59030303030303,FALSE,3,1,3,4,1,2,3,1,2,3,4,2,2,6,37
138,5,22,f,SOCIAL SCIENCES,16,1.7,17,1.71,1.705151515151515,FALSE,4,5,5,6,4,4,3,5,3,3,3,2,1,4,52
207,1,21,m,SOCIAL SCIENCES,16,2.4699999999999998,17,2.4899999999999998,2.48030303030303,FALSE,5,2,1,4,1,4,6,2,6,5,4,3,3,6,52
127,3,22,m,SOCIAL SCIENCES,16,1.37,17,1.36,1.364848484848485,FALSE,3,3,5,6,5,3,4,6,6,3,1,2,4,6,57
166,4,22,m,SOCIAL SCIENCES,15,2.13,15,1.97,2.05,FALSE,NA,NA,NA,NA,NA,NA,NA,NA,NA,NA,NA,NA,NA,NA,NA
167,6,21,f,SOCIAL SCIENCES,16,2.67,12,3.1,2.8542857142857145,FALSE,6,4,2,4,3,1,6,3,4,3,2,2,3,4,47
347,22,22,f,SOCIAL SCIENCES,18,3.56,17,3.03,3.3025714285714285,FALSE,4,6,6,3,1,3,6,1,6,3,6,6,1,3,55
903,21,22,f,SOCIAL SCIENCES,15,1.23,16,1.26,1.2454838709677418,FALSE,NA,NA,NA,NA,NA,NA,NA,NA,NA,NA,NA,NA,NA,NA,NA
919,7,22,m,SOCIAL SCIENCES,17,3.54,17,3.71,3.625,FALSE,4,6,1,2,1,3,2,3,3,4,4,3,6,2,44
776,6,20,f,SOCIAL SCIENCES,16,2.7,15,3.09,2.888709677419355,FALSE,6,1,2,6,4,6,3,6,4,4,4,2,3,1,52
945,4,22,m,SOCIAL SCIENCES,16,3.53,15,3.44,3.4864516129032257,FALSE,6,4,1,2,5,4,2,1,1,2,3,1,3,3,38
126,7,22,m,SOCIAL SCIENCES,16,1.86,16,1.95,1.905,FALSE,6,6,4,3,6,2,2,4,1,4,2,1,6,1,48
932,21,22,f,SOCIAL SCIENCES,16,0.8500000000000001,16,1,0.925,FALSE,2,4,3,5,3,3,2,6,5,2,4,4,6,4,53
458,15,22,f,SOCIAL SCIENCES,17,3.9499999999999997,17,3.92,3.9349999999999996,FALSE,NA,NA,NA,NA,NA,NA,NA,NA,NA,NA,NA,NA,NA,NA,NA
660,12,21,f,SOCIAL SCIENCES,9,2.15,17,3.32,2.9149999999999996,TRUE,2,4,4,4,6,6,2,2,4,1,2,5,6,2,50
414,22,21,f,SOCIAL SCIENCES,13,1.42,16,1.75,1.6020689655172413,FALSE,2,3,4,4,6,3,4,1,3,4,2,6,6,2,50
987,7,22,m,SOCIAL SCIENCES,12,2.72,16,2.53,2.6114285714285717,FALSE,2,1,2,6,5,3,2,1,1,3,4,2,3,2,37
254,5,22,m,SOCIAL SCIENCES,18,3.58,15,3.17,3.3936363636363636,FALSE,NA,NA,NA,NA,NA,NA,NA,NA,NA,NA,NA,NA,NA,NA,NA
315,22,21,m,SOCIAL SCIENCES,16,2.77,16,2.4499999999999997,2.61,FALSE,6,6,1,2,2,1,3,3,5,4,4,3,1,6,47
363,13,22,f,SOCIAL SCIENCES,10,2.69,18,2.1,2.310714285714286,FALSE,NA,NA,NA,NA,NA,NA,NA,NA,NA,NA,NA,NA,NA,NA,NA
175,21,23,m,SOCIAL SCIENCES,16,3.23,17,3.17,3.1990909090909088,FALSE,NA,NA,NA,NA,NA,NA,NA,NA,NA,NA,NA,NA,NA,NA,NA
691,15,22,f,SOCIAL SCIENCES,16,3.11,15,3.1,3.1051612903225805,FALSE,3,1,5,4,2,1,2,5,1,5,4,4,2,4,43
402,13,23,m,SOCIAL SCIENCES,16,3.9,17,3.7600000000000002,3.8278787878787877,FALSE,NA,NA,NA,NA,NA,NA,NA,NA,NA,NA,NA,NA,NA,NA,NA
372,15,22,f,SOCIAL SCIENCES,17,1.93,16,2.4099999999999997,2.162727272727273,FALSE,3,6,5,4,1,3,4,3,4,3,4,1,1,3,45
168,5,20,f,SOCIAL SCIENCES,17,2.12,18,2.65,2.3925714285714283,FALSE,NA,NA,NA,NA,NA,NA,NA,NA,NA,NA,NA,NA,NA,NA,NA
811,17,22,f,SOCIAL SCIENCES,16,2.66,16,3,2.83,FALSE,NA,NA,NA,NA,NA,NA,NA,NA,NA,NA,NA,NA,NA,NA,NA
253,15,22,f,SOCIAL SCIENCES,16,3.32,16,3.9099999999999997,3.6149999999999998,TRUE,4,1,2,4,1,2,4,3,4,4,2,4,1,4,40
950,10,22,f,NATURAL SCIENCES,15,1.49,15,1.83,1.6600000000000001,FALSE,NA,NA,NA,NA,NA,NA,NA,NA,NA,NA,NA,NA,NA,NA,NA
309,16,22,f,NATURAL SCIENCES,17,1.59,16,1.6,1.594848484848485,FALSE,2,2,3,1,2,2,1,2,2,2,1,4,4,4,32
976,15,23,m,NATURAL SCIENCES,15,3.07,13,3.14,3.1025,FALSE,3,3,2,3,4,5,1,3,4,3,3,4,1,1,40
352,22,22,m,NATURAL SCIENCES,17,3.9699999999999998,17,3.98,3.974999999999999,FALSE,4,6,5,3,2,5,3,5,2,2,2,6,1,4,50
974,13,22,f,NATURAL SCIENCES,17,3.05,17,3.3299999999999996,3.1899999999999995,FALSE,4,2,4,4,4,3,4,3,6,2,4,6,3,5,54
934,10,22,f,NATURAL SCIENCES,12,3.58,11,3.71,3.6421739130434787,FALSE,4,3,3,4,1,2,3,6,3,2,3,4,3,6,47
320,21,22,m,NATURAL SCIENCES,17,1.23,16,1.87,1.5403030303030303,FALSE,2,1,1,6,5,4,2,1,3,4,6,6,5,3,49
694,20,22,f,NATURAL SCIENCES,17,1.35,17,1.79,1.57,FALSE,NA,NA,NA,NA,NA,NA,NA,NA,NA,NA,NA,NA,NA,NA,NA
898,20,23,m,NATURAL SCIENCES,16,2.27,16,1.95,2.11,FALSE,2,6,2,4,2,1,4,2,3,4,4,6,2,3,45
859,14,22,f,NATURAL SCIENCES,16,1.34,17,1.6600000000000001,1.5048484848484849,FALSE,6,3,4,2,5,4,4,3,2,6,1,6,6,6,58
700,4,23,f,NATURAL SCIENCES,17,2.5,17,2.17,2.335,FALSE,3,1,2,3,6,4,3,1,3,6,4,3,1,2,42
901,1,22,m,NATURAL SCIENCES,16,1.76,16,1.6900000000000002,1.725,FALSE,6,4,4,4,4,4,5,5,3,2,2,1,3,2,49
924,7,22,m,NATURAL SCIENCES,16,3.14,17,2.57,2.8463636363636367,FALSE,4,4,3,3,1,3,1,5,1,5,3,6,3,1,43
404,4,22,m,NATURAL SCIENCES,15,2.46,13,2.2600000000000002,2.367142857142857,FALSE,5,5,4,4,4,6,3,3,2,4,1,1,2,1,45
337,8,23,f,NATURAL SCIENCES,14,3,16,2.82,2.9040000000000004,FALSE,NA,NA,NA,NA,NA,NA,NA,NA,NA,NA,NA,NA,NA,NA,NA
605,10,23,m,NATURAL SCIENCES,17,3.3499999999999996,17,3.4,3.375,FALSE,2,6,3,2,6,1,1,2,1,6,3,6,5,4,48
772,17,23,m,NATURAL SCIENCES,16,1.28,15,1.46,1.3670967741935482,FALSE,6,4,1,4,6,2,4,2,2,6,3,3,4,1,48
666,17,21,f,NATURAL SCIENCES,17,3.65,12,3.02,3.389310344827586,FALSE,1,6,2,3,4,4,1,4,3,4,6,6,2,4,50
805,18,21,m,NATURAL SCIENCES,16,1.91,10,1.56,1.7753846153846153,FALSE,NA,NA,NA,NA,NA,NA,NA,NA,NA,NA,NA,NA,NA,NA,NA
442,18,22,m,NATURAL SCIENCES,17,2.5,15,2.88,2.6781249999999996,FALSE,3,3,2,2,3,2,3,5,6,1,1,2,6,6,45
163,20,22,f,NATURAL SCIENCES,15,3.77,17,3.65,3.70625,FALSE,3,3,3,3,3,3,3,1,1,3,6,4,2,4,42
993,19,22,m,NATURAL SCIENCES,12,3.29,18,2.88,3.0439999999999996,FALSE,3,2,1,5,2,6,6,5,2,1,6,4,3,6,52
421,20,22,m,NATURAL SCIENCES,16,2.17,15,2.63,2.39258064516129,FALSE,2,1,3,3,6,6,3,6,4,4,1,6,4,3,52
652,23,22,m,NATURAL SCIENCES,16,3.04,15,2.52,2.7883870967741933,FALSE,5,3,5,3,6,2,3,4,2,1,2,1,4,1,42
551,15,22,m,NATURAL SCIENCES,16,1.96,17,2.8299999999999996,2.408181818181818,TRUE,4,5,1,4,2,6,4,1,1,1,2,2,4,5,42
661,13,20,m,NATURAL SCIENCES,17,3.16,14,3.52,3.3225806451612905,FALSE,1,4,4,1,1,3,2,4,4,3,3,6,2,4,42
453,6,21,f,NATURAL SCIENCES,16,2.2600000000000002,14,2.18,2.222666666666667,FALSE,2,1,4,2,3,3,1,6,2,4,1,4,4,5,42
525,4,22,f,NATURAL SCIENCES,18,2.9099999999999997,16,3.2600000000000002,3.0747058823529407,FALSE,2,4,6,5,2,4,2,1,1,5,2,2,6,3,45
803,3,22,f,NATURAL SCIENCES,16,2.86,16,3.3699999999999997,3.1149999999999998,FALSE,NA,NA,NA,NA,NA,NA,NA,NA,NA,NA,NA,NA,NA,NA,NA
676,11,22,m,NATURAL SCIENCES,16,2.09,17,2.08,2.084848484848485,FALSE,NA,NA,NA,NA,NA,NA,NA,NA,NA,NA,NA,NA,NA,NA,NA
515,17,21,f,NATURAL SCIENCES,16,2.4699999999999998,16,2.3899999999999997,2.4299999999999997,FALSE,2,6,3,4,4,3,1,6,6,3,3,1,4,3,49
405,20,22,f,NATURAL SCIENCES,11,3.14,16,2.98,3.045185185185185,FALSE,3,4,6,4,3,3,3,5,3,1,2,4,3,4,48
630,20,22,m,NATURAL SCIENCES,12,2.64,16,2.12,2.3428571428571425,FALSE,NA,NA,NA,NA,NA,NA,NA,NA,NA,NA,NA,NA,NA,NA,NA
480,5,21,f,NATURAL SCIENCES,9,3.12,15,3.34,3.2575,FALSE,6,1,3,1,4,2,2,6,2,1,2,6,4,2,42
893,6,22,m,NATURAL SCIENCES,14,3.09,13,2.8699999999999997,2.9840740740740737,FALSE,3,2,6,2,1,2,1,1,3,1,3,2,6,3,36
716,12,22,f,NATURAL SCIENCES,17,2.3699999999999997,17,2.82,2.5949999999999998,FALSE,NA,NA,NA,NA,NA,NA,NA,NA,NA,NA,NA,NA,NA,NA,NA
829,15,21,f,NATURAL SCIENCES,17,2.01,10,1.55,1.8396296296296295,FALSE,4,4,4,3,6,1,4,4,1,2,6,4,6,2,51
376,18,22,f,NATURAL SCIENCES,13,2.29,15,3.08,2.713214285714286,TRUE,2,4,2,1,5,4,4,2,2,2,1,6,5,2,42
164,14,22,f,NATURAL SCIENCES,17,2.67,15,3.58,3.0965625,TRUE,4,2,6,2,1,4,1,6,4,3,2,4,3,2,44
833,11,22,f,NATURAL SCIENCES,15,3.56,16,3.71,3.6374193548387095,FALSE,3,4,1,2,6,6,2,5,3,4,2,1,2,1,42
333,3,22,m,NATURAL SCIENCES,17,3.03,15,2.73,2.8893750000000002,FALSE,2,5,3,1,3,2,4,2,1,2,4,4,3,3,39
850,15,24,m,NATURAL SCIENCES,17,2.36,17,2.73,2.545,FALSE,NA,NA,NA,NA,NA,NA,NA,NA,NA,NA,NA,NA,NA,NA,NA
338,6,23,m,NATURAL SCIENCES,16,3.3699999999999997,16,3.53,3.4499999999999997,FALSE,NA,NA,NA,NA,NA,NA,NA,NA,NA,NA,NA,NA,NA,NA,NA
269,8,22,m,NATURAL SCIENCES,17,2.59,18,2.66,2.626,FALSE,2,4,1,1,6,1,3,6,2,1,5,4,1,3,40
689,11,22,m,NATURAL SCIENCES,16,1.6,17,1.6,1.6,FALSE,2,2,6,3,1,2,4,4,5,6,2,3,5,5,50
837,1,21,m,NATURAL SCIENCES,17,1.97,16,1.48,1.7324242424242424,FALSE,3,1,5,2,3,1,1,2,4,1,1,4,3,2,33
457,7,22,f,NATURAL SCIENCES,17,3.3499999999999996,16,3.27,3.311212121212121,FALSE,NA,NA,NA,NA,NA,NA,NA,NA,NA,NA,NA,NA,NA,NA,NA
884,23,22,f,NATURAL SCIENCES,16,1.61,16,1.5,1.5550000000000002,FALSE,4,2,2,1,1,6,3,2,1,2,2,3,4,6,39
293,20,22,f,NATURAL SCIENCES,16,2.98,15,1.96,2.4864516129032257,TRUE,4,6,5,1,3,6,6,4,3,3,2,2,2,2,49
346,10,22,f,NATURAL SCIENCES,17,3.11,16,3.13,3.119696969696969,FALSE,3,2,4,3,4,2,2,6,2,6,3,4,3,2,46
894,22,21,m,NATURAL SCIENCES,14,2.2600000000000002,17,2.64,2.468387096774194,FALSE,4,1,4,4,2,2,2,4,1,3,2,1,4,4,38
826,19,22,m,NATURAL SCIENCES,16,0.7,16,0.65,0.675,FALSE,5,4,5,4,2,4,2,2,6,2,2,3,1,1,43
644,3,22,m,NATURAL SCIENCES,17,0.72,16,0.51,0.6181818181818182,FALSE,NA,NA,NA,NA,NA,NA,NA,NA,NA,NA,NA,NA,NA,NA,NA
472,7,23,f,NATURAL SCIENCES,17,3.72,17,3.16,3.4400000000000004,FALSE,3,4,4,3,6,2,3,2,5,5,6,4,3,1,51
145,3,23,f,NATURAL SCIENCES,17,2.08,13,2.56,2.288,FALSE,6,5,2,3,4,3,2,2,5,3,1,4,4,1,45
401,16,23,m,NATURAL SCIENCES,16,2.48,14,2.8099999999999996,2.634,FALSE,4,2,5,4,3,4,6,5,4,6,2,4,2,2,53
578,22,21,f,NATURAL SCIENCES,17,3.3699999999999997,16,3.63,3.4960606060606056,FALSE,4,3,3,3,1,5,2,2,2,4,3,4,2,2,40
742,5,22,m,NATURAL SCIENCES,16,3.17,16,3.54,3.355,FALSE,1,4,3,3,3,2,4,2,1,4,1,3,6,6,43
109,21,22,m,NATURAL SCIENCES,16,2.54,17,2.44,2.4884848484848487,FALSE,6,5,4,5,6,4,6,2,6,1,6,4,3,3,61
255,23,22,m,NATURAL SCIENCES,18,3.72,17,2.8499999999999996,3.297428571428571,FALSE,3,2,3,3,6,3,2,3,6,2,2,3,1,2,41
873,21,21,f,NATURAL SCIENCES,16,2.05,16,2.92,2.485,TRUE,NA,NA,NA,NA,NA,NA,NA,NA,NA,NA,NA,NA,NA,NA,NA
752,8,22,m,NATURAL SCIENCES,17,1.76,17,1.95,1.855,FALSE,1,6,2,3,4,1,1,4,1,6,1,4,1,1,36
913,11,22,f,NATURAL SCIENCES,15,2.7800000000000002,16,2.63,2.7025806451612904,FALSE,NA,NA,NA,NA,NA,NA,NA,NA,NA,NA,NA,NA,NA,NA,NA
745,2,22,f,NATURAL SCIENCES,16,3.34,17,2.9099999999999997,3.118484848484848,FALSE,3,2,4,6,6,1,3,2,3,3,1,1,2,4,41
625,19,22,m,NATURAL SCIENCES,16,3.36,17,3.55,3.4578787878787876,FALSE,3,4,1,5,4,1,4,3,3,3,1,1,1,1,35
500,8,22,f,NATURAL SCIENCES,16,2.9899999999999998,15,2.98,2.9851612903225804,FALSE,2,4,3,4,4,3,3,3,1,4,3,4,4,3,45
279,18,22,f,NATURAL SCIENCES,14,1.81,14,1.3900000000000001,1.5999999999999999,FALSE,2,2,6,3,5,2,5,4,5,6,6,2,2,2,52
484,10,23,m,NATURAL SCIENCES,17,2.4899999999999998,16,2.44,2.465757575757576,FALSE,3,4,4,2,2,2,4,4,1,3,3,2,4,3,41
202,9,22,m,NATURAL SCIENCES,16,3.86,16,3.71,3.785,FALSE,3,2,3,1,1,2,6,4,4,2,2,4,3,3,40
324,11,21,f,NATURAL SCIENCES,14,1.83,12,1.8800000000000001,1.8530769230769233,FALSE,NA,NA,NA,NA,NA,NA,NA,NA,NA,NA,NA,NA,NA,NA,NA
940,19,21,f,NATURAL SCIENCES,16,1.6600000000000001,15,2.06,1.8535483870967744,FALSE,NA,NA,NA,NA,NA,NA,NA,NA,NA,NA,NA,NA,NA,NA,NA
910,21,23,f,NATURAL SCIENCES,17,3.3099999999999996,14,3.3,3.305483870967742,FALSE,1,4,3,6,4,4,4,1,4,4,1,2,4,2,44
896,14,22,f,NATURAL SCIENCES,16,3.21,15,2.96,3.089032258064516,FALSE,NA,NA,NA,NA,NA,NA,NA,NA,NA,NA,NA,NA,NA,NA,NA
385,12,22,f,NATURAL SCIENCES,13,2.79,16,2.8299999999999996,2.8120689655172413,FALSE,NA,NA,NA,NA,NA,NA,NA,NA,NA,NA,NA,NA,NA,NA,NA
244,5,22,m,NATURAL SCIENCES,16,1.95,16,2.2800000000000002,2.115,FALSE,6,2,2,4,6,6,3,2,3,1,4,1,1,4,45
451,11,22,m,NATURAL SCIENCES,16,1.8,15,2.15,1.9693548387096773,FALSE,1,3,4,4,3,6,1,6,1,3,1,1,6,5,45
331,22,23,f,NATURAL SCIENCES,13,1.6,15,1.83,1.7232142857142858,FALSE,3,4,2,4,3,3,6,6,3,3,3,1,2,3,46
246,4,23,m,NATURAL SCIENCES,17,2.42,17,2.2600000000000002,2.34,FALSE,2,1,1,3,4,1,3,2,6,1,3,2,3,3,35
291,15,22,m,NATURAL SCIENCES,15,3.2600000000000002,17,2.9699999999999998,3.1059375,FALSE,6,2,3,1,1,1,1,6,6,3,6,3,4,3,46
847,18,22,f,NATURAL SCIENCES,10,3.46,15,3,3.1839999999999997,FALSE,4,4,2,2,2,1,6,3,4,1,4,2,3,1,39
446,18,22,m,NATURAL SCIENCES,16,2.8899999999999997,15,2.4699999999999998,2.686774193548387,FALSE,NA,NA,NA,NA,NA,NA,NA,NA,NA,NA,NA,NA,NA,NA,NA
488,5,22,f,NATURAL SCIENCES,17,3.7,16,3.71,3.704848484848485,FALSE,1,6,5,6,1,2,2,6,2,2,3,1,3,3,43
854,9,22,f,NATURAL SCIENCES,16,1.3,17,0.8700000000000001,1.0784848484848486,FALSE,2,5,4,6,4,5,2,5,6,3,4,2,4,4,56
733,9,22,f,NATURAL SCIENCES,15,2.23,17,2.69,2.474375,FALSE,NA,NA,NA,NA,NA,NA,NA,NA,NA,NA,NA,NA,NA,NA,NA
883,21,22,f,NATURAL SCIENCES,15,3.63,15,3.3299999999999996,3.4799999999999995,FALSE,4,6,4,5,2,1,5,4,2,4,3,2,3,3,48
960,6,22,m,NATURAL SCIENCES,16,2.64,16,3,2.8200000000000003,FALSE,3,2,2,2,2,4,6,2,3,5,4,2,4,4,45
755,3,22,f,NATURAL SCIENCES,15,3.3299999999999996,15,2.4699999999999998,2.9,TRUE,NA,NA,NA,NA,NA,NA,NA,NA,NA,NA,NA,NA,NA,NA,NA
849,10,22,f,NATURAL SCIENCES,13,3.57,16,3.4699999999999998,3.5148275862068963,FALSE,2,3,2,6,4,2,4,3,3,4,3,2,3,2,43
288,14,23,m,NATURAL SCIENCES,18,2.8899999999999997,16,3.55,3.2005882352941173,TRUE,4,3,1,6,1,3,4,2,4,2,4,3,3,6,46
348,22,22,f,NATURAL SCIENCES,15,2.13,16,2.58,2.362258064516129,FALSE,NA,NA,NA,NA,NA,NA,NA,NA,NA,NA,NA,NA,NA,NA,NA
526,14,22,m,NATURAL SCIENCES,16,3.3899999999999997,16,3.1,3.245,FALSE,2,2,6,4,3,2,6,1,3,6,2,3,1,4,45
613,10,22,m,NATURAL SCIENCES,15,1.5,15,1.6900000000000002,1.595,FALSE,3,4,2,3,4,6,4,2,2,5,3,4,3,3,48
624,21,22,m,NATURAL SCIENCES,16,1.35,16,2.34,1.845,TRUE,3,3,6,3,5,2,2,1,6,1,4,3,3,6,48
243,16,22,m,NATURAL SCIENCES,16,1.76,15,1.02,1.4019354838709677,TRUE,NA,NA,NA,NA,NA,NA,NA,NA,NA,NA,NA,NA,NA,NA,NA
656,14,22,f,NATURAL SCIENCES,15,2.66,16,2.6,2.629032258064516,FALSE,6,2,2,1,3,2,1,2,3,4,4,6,3,1,40
529,10,22,f,NATURAL SCIENCES,16,2.7800000000000002,16,2.8299999999999996,2.8049999999999997,FALSE,NA,NA,NA,NA,NA,NA,NA,NA,NA,NA,NA,NA,NA,NA,NA
706,1,22,m,NATURAL SCIENCES,15,3.38,17,3.52,3.4543749999999998,FALSE,6,4,2,1,4,3,2,2,4,1,6,4,5,2,46
499,16,22,f,NATURAL SCIENCES,11,2.38,13,2.94,2.6833333333333336,FALSE,3,6,2,3,4,1,2,1,4,1,3,4,4,2,40
708,19,22,m,NATURAL SCIENCES,17,2.15,15,2.25,2.196875,FALSE,3,2,1,4,4,1,1,2,1,4,2,3,2,5,35
226,1,22,m,NATURAL SCIENCES,17,3.8099999999999996,16,3.9,3.853636363636363,FALSE,4,2,2,1,5,6,4,5,3,6,4,5,3,5,55
946,12,23,m,NATURAL SCIENCES,17,2.29,17,2.16,2.225,FALSE,4,3,3,4,3,6,6,4,4,4,3,3,3,3,53
835,6,21,f,NATURAL SCIENCES,15,3.58,15,3.2800000000000002,3.43,FALSE,1,4,3,3,3,3,3,1,4,6,3,1,3,1,39
651,10,22,m,NATURAL SCIENCES,16,1.96,16,1.1300000000000001,1.545,TRUE,NA,NA,NA,NA,NA,NA,NA,NA,NA,NA,NA,NA,NA,NA,NA
709,18,22,f,NATURAL SCIENCES,18,1.6600000000000001,17,1.11,1.3928571428571428,TRUE,2,1,2,6,6,5,3,3,4,5,4,1,3,3,48
923,7,22,m,NATURAL SCIENCES,15,2.06,17,1.85,1.9484375000000003,FALSE,6,4,2,4,3,3,1,1,2,2,1,4,4,6,43
727,8,22,f,NATURAL SCIENCES,17,3.12,16,3.4299999999999997,3.27030303030303,FALSE,NA,NA,NA,NA,NA,NA,NA,NA,NA,NA,NA,NA,NA,NA,NA
378,19,22,m,NATURAL SCIENCES,15,0.8700000000000001,9,0.8200000000000001,0.85125,FALSE,NA,NA,NA,NA,NA,NA,NA,NA,NA,NA,NA,NA,NA,NA,NA
398,21,23,m,NATURAL SCIENCES,15,2.65,16,2.11,2.371290322580645,FALSE,1,3,3,2,4,2,3,2,4,4,6,4,4,3,45
841,22,24,f,NATURAL SCIENCES,17,3.14,16,3.2,3.1690909090909094,FALSE,4,6,2,6,2,4,4,3,2,3,4,1,1,6,48
788,8,22,f,NATURAL SCIENCES,16,0.55,15,1.1400000000000001,0.835483870967742,FALSE,NA,NA,NA,NA,NA,NA,NA,NA,NA,NA,NA,NA,NA,NA,NA
212,17,22,m,NATURAL SCIENCES,17,2.64,17,3.07,2.855,FALSE,NA,NA,NA,NA,NA,NA,NA,NA,NA,NA,NA,NA,NA,NA,NA
899,20,22,f,NATURAL SCIENCES,16,2.9699999999999998,16,3.17,3.07,FALSE,2,4,4,3,3,4,2,2,4,2,2,5,4,6,47
170,12,22,m,NATURAL SCIENCES,12,2.51,16,1.91,2.167142857142857,FALSE,3,2,6,5,5,4,2,4,5,1,4,3,1,4,49
440,17,21,m,NATURAL SCIENCES,15,2.67,15,2.09,2.38,FALSE,NA,NA,NA,NA,NA,NA,NA,NA,NA,NA,NA,NA,NA,NA,NA
124,20,20,m,NATURAL SCIENCES,18,3.4899999999999998,16,2.6,3.071176470588235,TRUE,2,3,1,3,6,1,2,2,1,3,4,6,4,6,44
948,17,22,f,NATURAL SCIENCES,16,3.06,16,2.58,2.8200000000000003,FALSE,NA,NA,NA,NA,NA,NA,NA,NA,NA,NA,NA,NA,NA,NA,NA
741,22,22,f,NATURAL SCIENCES,17,2.53,16,2,2.273030303030303,FALSE,4,4,6,1,1,2,3,1,3,1,4,1,4,2,37
897,6,22,f,NATURAL SCIENCES,16,3.51,16,3.74,3.625,FALSE,NA,NA,NA,NA,NA,NA,NA,NA,NA,NA,NA,NA,NA,NA,NA
980,8,23,f,NATURAL SCIENCES,17,3.03,16,2.98,3.005757575757576,FALSE,NA,NA,NA,NA,NA,NA,NA,NA,NA,NA,NA,NA,NA,NA,NA
770,11,22,m,NATURAL SCIENCES,16,1.6900000000000002,17,1.31,1.4942424242424244,FALSE,2,2,4,6,3,2,2,2,2,6,3,4,2,3,43
417,5,22,m,NATURAL SCIENCES,17,3.68,15,3.06,3.3893750000000002,FALSE,2,1,6,4,2,2,2,3,1,2,3,4,3,4,39
214,17,22,f,NATURAL SCIENCES,13,1.6400000000000001,17,1.91,1.793,FALSE,4,3,2,3,6,4,5,4,2,1,6,1,3,4,48
359,6,21,m,NATURAL SCIENCES,16,2.09,9,2.65,2.2916,FALSE,2,2,2,3,3,6,4,3,6,6,4,2,4,1,48
830,20,22,m,NATURAL SCIENCES,17,2.22,16,2.7800000000000002,2.4915151515151517,FALSE,NA,NA,NA,NA,NA,NA,NA,NA,NA,NA,NA,NA,NA,NA,NA
549,8,22,m,NATURAL SCIENCES,18,2,15,2.34,2.1545454545454543,FALSE,2,5,4,1,6,3,2,1,1,2,4,1,3,3,38
690,7,22,m,NATURAL SCIENCES,16,2.8899999999999997,17,2.8099999999999996,2.8487878787878786,FALSE,1,4,1,2,4,1,4,4,4,4,4,4,3,2,42
749,8,22,f,NATURAL SCIENCES,16,2.9899999999999998,17,2.17,2.5675757575757574,TRUE,1,4,3,2,3,4,5,1,3,4,3,6,6,3,48
393,7,21,m,NATURAL SCIENCES,17,2.01,16,1.82,1.9178787878787877,FALSE,3,1,3,3,5,1,3,2,6,3,6,2,4,1,43
585,12,22,f,NATURAL SCIENCES,17,1.6800000000000002,17,1.59,1.635,FALSE,6,1,3,5,1,3,6,2,1,4,2,4,1,2,41
558,9,22,f,NATURAL SCIENCES,17,2.75,16,2.46,2.6093939393939394,FALSE,6,1,1,3,3,3,3,3,2,1,6,3,5,2,42
148,1,22,f,NATURAL SCIENCES,18,2.63,16,2.48,2.559411764705882,FALSE,2,4,4,6,3,3,5,2,4,5,2,6,3,5,54
308,22,22,f,NATURAL SCIENCES,16,1.3800000000000001,12,0.53,1.0157142857142858,TRUE,NA,NA,NA,NA,NA,NA,NA,NA,NA,NA,NA,NA,NA,NA,NA
916,1,22,m,NATURAL SCIENCES,16,2.57,17,2.32,2.4412121212121214,FALSE,2,4,3,3,4,4,6,6,2,4,1,1,1,2,43
335,8,21,m,NATURAL SCIENCES,16,1.1,13,0.58,0.8668965517241379,TRUE,3,6,5,1,2,3,2,1,3,1,1,5,1,6,40
497,21,22,m,NATURAL SCIENCES,15,2.75,17,2.82,2.7871875,FALSE,NA,NA,NA,NA,NA,NA,NA,NA,NA,NA,NA,NA,NA,NA,NA
418,8,22,m,NATURAL SCIENCES,16,2.94,16,3.4499999999999997,3.195,FALSE,NA,NA,NA,NA,NA,NA,NA,NA,NA,NA,NA,NA,NA,NA,NA
933,15,22,m,NATURAL SCIENCES,16,2.57,15,3.58,3.0587096774193547,TRUE,NA,NA,NA,NA,NA,NA,NA,NA,NA,NA,NA,NA,NA,NA,NA
541,4,22,f,NATURAL SCIENCES,17,2.8499999999999996,14,3.5,3.1435483870967738,TRUE,4,4,4,1,6,3,1,4,4,3,2,3,3,4,46
392,17,21,m,NATURAL SCIENCES,16,3.4,16,3.18,3.29,FALSE,3,6,2,4,3,3,6,4,5,3,4,3,4,1,51
120,4,22,f,NATURAL SCIENCES,16,2.9099999999999997,16,3.09,3,FALSE,3,2,1,6,3,5,3,3,6,4,5,4,1,1,47
560,17,23,m,NATURAL SCIENCES,17,1.93,16,2.13,2.026969696969697,FALSE,2,1,6,6,2,6,4,6,2,3,4,3,2,4,51
628,21,22,f,NATURAL SCIENCES,17,2.2800000000000002,16,1.98,2.1345454545454543,FALSE,4,4,5,6,4,3,3,5,4,6,2,4,4,4,58
809,1,22,f,NATURAL SCIENCES,17,1.3800000000000001,17,1.46,1.42,FALSE,6,1,1,3,2,2,2,4,5,6,3,3,2,2,42
456,8,22,f,NATURAL SCIENCES,17,3.6,16,3.36,3.483636363636364,FALSE,3,4,4,6,4,4,1,5,5,3,1,2,5,2,49
891,4,22,m,NATURAL SCIENCES,18,2.48,12,2.58,2.52,FALSE,2,2,6,2,4,3,3,2,3,1,1,2,2,3,36
564,13,22,f,NATURAL SCIENCES,17,2.62,16,2.29,2.4600000000000004,FALSE,NA,NA,NA,NA,NA,NA,NA,NA,NA,NA,NA,NA,NA,NA,NA
511,19,22,f,NATURAL SCIENCES,17,3.65,17,2.75,3.1999999999999997,TRUE,3,4,3,3,4,1,5,2,4,5,3,1,5,4,47
475,18,20,m,NATURAL SCIENCES,17,1.4,15,1.8900000000000001,1.6296875,FALSE,NA,NA,NA,NA,NA,NA,NA,NA,NA,NA,NA,NA,NA,NA,NA
657,18,22,f,NATURAL SCIENCES,16,1.81,16,1.61,1.71,FALSE,2,2,3,5,4,3,4,3,6,2,5,2,3,2,46
848,8,22,f,NATURAL SCIENCES,16,2.02,12,1.9,1.9685714285714284,FALSE,4,4,3,1,2,6,6,1,2,6,3,2,4,2,46
530,2,22,m,NATURAL SCIENCES,17,2.86,17,3.4299999999999997,3.1449999999999996,FALSE,NA,NA,NA,NA,NA,NA,NA,NA,NA,NA,NA,NA,NA,NA,NA
224,21,22,f,NATURAL SCIENCES,14,3.4299999999999997,16,3.71,3.579333333333333,FALSE,2,5,2,2,2,6,6,2,3,4,6,6,4,2,52
682,20,22,f,NATURAL SCIENCES,17,3.24,18,3.29,3.265714285714286,FALSE,3,6,2,5,2,4,6,4,3,1,6,2,3,4,51
800,15,23,m,NATURAL SCIENCES,17,1.48,16,1.59,1.5333333333333334,FALSE,3,2,4,3,2,5,2,2,2,2,4,5,3,5,44
370,5,22,m,NATURAL SCIENCES,17,2.94,15,3.25,3.0853124999999997,FALSE,NA,NA,NA,NA,NA,NA,NA,NA,NA,NA,NA,NA,NA,NA,NA
340,17,22,f,FORMAL SCIENCES,12,2.6,16,2.27,2.411428571428572,FALSE,NA,NA,NA,NA,NA,NA,NA,NA,NA,NA,NA,NA,NA,NA,NA
430,5,22,f,FORMAL SCIENCES,16,1.48,12,1.46,1.4714285714285715,FALSE,NA,NA,NA,NA,NA,NA,NA,NA,NA,NA,NA,NA,NA,NA,NA
110,17,22,f,FORMAL SCIENCES,16,1.6800000000000002,15,1.73,1.7041935483870967,FALSE,4,2,5,2,4,2,6,2,6,5,3,4,5,2,52
962,13,22,m,FORMAL SCIENCES,14,3.7800000000000002,16,3.05,3.3906666666666667,FALSE,6,3,5,6,5,3,4,4,2,6,4,5,3,5,61
165,12,23,f,FORMAL SCIENCES,15,1.36,17,1.1600000000000001,1.2537500000000001,FALSE,NA,NA,NA,NA,NA,NA,NA,NA,NA,NA,NA,NA,NA,NA,NA
209,19,22,m,FORMAL SCIENCES,17,3.66,15,3.01,3.3553125,FALSE,NA,NA,NA,NA,NA,NA,NA,NA,NA,NA,NA,NA,NA,NA,NA
671,12,22,m,FORMAL SCIENCES,16,2.7,16,2.61,2.6550000000000002,FALSE,5,5,4,3,3,6,4,6,5,5,6,6,3,6,67
217,15,21,m,FORMAL SCIENCES,16,2.6,17,2.58,2.58969696969697,FALSE,NA,NA,NA,NA,NA,NA,NA,NA,NA,NA,NA,NA,NA,NA,NA
881,6,22,m,FORMAL SCIENCES,9,2.21,15,2.13,2.16,FALSE,NA,NA,NA,NA,NA,NA,NA,NA,NA,NA,NA,NA,NA,NA,NA
262,15,22,m,FORMAL SCIENCES,16,3.05,16,3.3899999999999997,3.2199999999999998,FALSE,1,6,5,6,5,3,2,2,1,4,5,5,4,6,55
649,6,22,f,FORMAL SCIENCES,16,0.8600000000000001,17,1.37,1.1227272727272728,FALSE,3,3,3,1,6,3,5,2,6,6,4,3,4,5,54
205,21,22,f,FORMAL SCIENCES,16,2.72,17,2.48,2.5963636363636367,FALSE,5,3,5,6,6,2,6,4,2,5,5,4,6,5,64
368,13,22,f,FORMAL SCIENCES,15,3.48,15,2.73,3.105,FALSE,5,5,6,1,1,1,6,5,3,5,5,1,3,5,52
673,3,22,f,FORMAL SCIENCES,17,2.61,16,3.15,2.8718181818181816,FALSE,4,5,5,6,5,4,5,5,6,6,5,1,4,3,64
981,19,22,m,FORMAL SCIENCES,16,0.8700000000000001,12,0.9,0.8828571428571429,FALSE,6,3,2,4,6,2,1,5,1,4,5,5,4,3,51
336,1,22,f,FORMAL SCIENCES,16,1.8,17,1.57,1.6815151515151516,FALSE,4,2,4,6,5,2,6,3,5,6,2,1,6,1,53
423,10,22,m,FORMAL SCIENCES,17,2.86,16,3.2,3.0248484848484845,FALSE,5,5,3,2,5,5,3,5,3,6,5,3,2,1,53
319,22,22,f,FORMAL SCIENCES,12,2.9699999999999998,17,3.38,3.2103448275862068,FALSE,2,5,6,1,6,6,5,5,5,6,5,6,6,2,66
508,20,22,m,FORMAL SCIENCES,17,1.96,16,1.3800000000000001,1.678787878787879,FALSE,NA,NA,NA,NA,NA,NA,NA,NA,NA,NA,NA,NA,NA,NA,NA
949,19,22,m,FORMAL SCIENCES,16,1.9,16,2.79,2.3449999999999998,TRUE,6,6,2,5,3,6,6,4,1,6,3,2,1,6,57
697,6,23,f,FORMAL SCIENCES,17,2.96,17,2.3099999999999996,2.6350000000000002,FALSE,6,1,3,5,2,6,2,6,4,4,4,5,6,3,57
528,4,22,m,FORMAL SCIENCES,16,2.27,17,2.59,2.4348484848484846,FALSE,5,5,4,4,5,1,3,4,5,4,4,6,4,6,60
695,5,22,m,FORMAL SCIENCES,16,3.53,9,3.57,3.5443999999999996,FALSE,2,5,5,5,4,6,5,5,6,6,1,6,6,5,67
535,14,22,m,FORMAL SCIENCES,16,2.92,13,2.61,2.781034482758621,FALSE,4,5,5,5,5,4,2,6,3,6,6,4,2,6,63
211,11,22,m,FORMAL SCIENCES,17,2.71,11,2.03,2.442857142857143,FALSE,6,5,2,4,2,5,3,3,5,3,6,2,5,5,56
312,6,22,f,FORMAL SCIENCES,10,3.08,16,3.15,3.123076923076923,FALSE,NA,NA,NA,NA,NA,NA,NA,NA,NA,NA,NA,NA,NA,NA,NA
904,20,22,m,FORMAL SCIENCES,13,2.75,17,2.64,2.6876666666666664,FALSE,3,6,6,1,3,6,2,2,5,5,5,4,4,6,58
534,22,22,m,FORMAL SCIENCES,17,1.42,16,1.95,1.676969696969697,FALSE,5,3,6,6,2,2,5,4,4,3,1,5,2,3,51
431,18,22,m,FORMAL SCIENCES,16,2.1,16,2.14,2.12,FALSE,NA,NA,NA,NA,NA,NA,NA,NA,NA,NA,NA,NA,NA,NA,NA
632,17,22,f,FORMAL SCIENCES,15,3.1,15,3.12,3.1100000000000003,FALSE,NA,NA,NA,NA,NA,NA,NA,NA,NA,NA,NA,NA,NA,NA,NA
601,12,22,f,FORMAL SCIENCES,18,1.75,16,1.95,1.8441176470588236,FALSE,NA,NA,NA,NA,NA,NA,NA,NA,NA,NA,NA,NA,NA,NA,NA
610,17,24,f,FORMAL SCIENCES,17,3.06,13,3.54,3.2680000000000002,FALSE,1,6,2,5,4,3,5,5,2,2,6,6,5,2,54
804,2,22,f,FORMAL SCIENCES,15,3.6,12,3.53,3.568888888888889,FALSE,3,6,3,4,5,1,6,5,2,4,3,3,1,6,52
290,8,23,m,FORMAL SCIENCES,16,2.79,17,2.73,2.759090909090909,FALSE,4,2,3,6,6,6,1,5,2,3,3,4,6,5,56
972,21,22,m,FORMAL SCIENCES,15,2.65,16,1.95,2.2887096774193547,FALSE,3,5,5,4,6,4,3,5,6,6,1,5,4,5,62
152,7,23,f,FORMAL SCIENCES,9,2,15,2.44,2.275,FALSE,5,5,3,6,5,5,1,5,3,5,6,2,6,6,63
102,23,22,m,FORMAL SCIENCES,16,3.07,18,3.36,3.2235294117647055,FALSE,6,1,5,1,2,5,5,5,5,3,5,3,6,3,55
812,12,22,f,FORMAL SCIENCES,16,2.3699999999999997,16,2.8699999999999997,2.6199999999999997,FALSE,6,2,5,2,2,5,3,3,5,5,4,2,6,6,56
221,3,22,f,FORMAL SCIENCES,16,3.8,15,3.59,3.6983870967741934,FALSE,3,6,5,5,6,6,6,3,2,3,6,5,5,5,66
801,2,22,f,FORMAL SCIENCES,16,3.92,12,3.4699999999999998,3.7271428571428573,FALSE,1,6,4,6,4,2,6,4,5,5,2,3,5,3,56
389,21,23,f,FORMAL SCIENCES,17,1.86,16,2.4299999999999997,2.1363636363636362,FALSE,3,1,1,5,5,5,3,6,4,5,2,5,5,5,55
210,17,22,f,FORMAL SCIENCES,17,1.4,16,1.6300000000000001,1.5115151515151515,FALSE,NA,NA,NA,NA,NA,NA,NA,NA,NA,NA,NA,NA,NA,NA,NA
810,19,22,m,FORMAL SCIENCES,17,2.79,17,2.73,2.7600000000000002,FALSE,6,2,2,5,6,5,6,4,6,5,4,5,2,6,64
119,21,22,f,FORMAL SCIENCES,16,1.42,16,1.32,1.37,FALSE,3,2,6,6,5,6,3,5,1,6,1,2,2,2,50
433,10,21,m,FORMAL SCIENCES,10,3.6,12,3.08,3.316363636363637,FALSE,4,3,1,3,3,5,5,6,5,5,6,2,5,2,55
318,9,24,m,FORMAL SCIENCES,12,2.54,16,1.73,2.077142857142857,TRUE,3,6,5,2,4,3,5,2,6,2,4,5,5,2,54
951,19,22,m,FORMAL SCIENCES,17,0.54,16,0.77,0.6515151515151515,FALSE,NA,NA,NA,NA,NA,NA,NA,NA,NA,NA,NA,NA,NA,NA,NA
587,3,23,f,FORMAL SCIENCES,16,2.71,15,2.65,2.680967741935484,FALSE,2,5,6,2,3,2,5,5,3,5,6,3,5,6,58
361,12,22,m,FORMAL SCIENCES,16,1,14,0.8600000000000001,0.9346666666666666,FALSE,5,2,5,2,4,4,6,3,4,3,5,3,5,1,52
187,18,21,m,FORMAL SCIENCES,16,1.56,16,1.45,1.505,FALSE,NA,NA,NA,NA,NA,NA,NA,NA,NA,NA,NA,NA,NA,NA,NA
191,13,22,f,FORMAL SCIENCES,16,1.29,16,1.34,1.315,FALSE,NA,NA,NA,NA,NA,NA,NA,NA,NA,NA,NA,NA,NA,NA,NA
380,22,22,m,FORMAL SCIENCES,16,3.04,16,2.53,2.785,FALSE,1,6,6,1,5,6,3,2,6,3,6,5,1,6,57
609,4,22,f,FORMAL SCIENCES,15,2.84,18,3.36,3.123636363636363,FALSE,1,3,6,5,1,4,5,1,4,2,6,2,6,3,49
296,9,22,m,FORMAL SCIENCES,15,3.56,12,3.2800000000000002,3.4355555555555553,FALSE,6,4,6,2,6,5,6,4,5,2,5,5,6,2,64
761,22,22,m,FORMAL SCIENCES,17,3.2,16,2.66,2.9381818181818184,FALSE,2,3,4,3,5,4,6,5,5,5,5,4,2,2,55
757,15,22,m,FORMAL SCIENCES,18,2.4499999999999997,17,2.6,2.5228571428571427,FALSE,NA,NA,NA,NA,NA,NA,NA,NA,NA,NA,NA,NA,NA,NA,NA
536,1,22,f,FORMAL SCIENCES,16,2.7600000000000002,16,2.16,2.46,FALSE,3,1,3,6,3,6,3,3,4,5,2,6,3,5,53
136,7,22,m,FORMAL SCIENCES,17,3.9099999999999997,17,3.72,3.8150000000000004,FALSE,5,3,2,3,5,1,1,3,5,4,2,6,4,2,46
455,8,23,f,FORMAL SCIENCES,16,3.55,17,3.11,3.323333333333333,FALSE,NA,NA,NA,NA,NA,NA,NA,NA,NA,NA,NA,NA,NA,NA,NA
330,10,22,f,FORMAL SCIENCES,16,2.19,17,1.54,1.8551515151515152,TRUE,NA,NA,NA,NA,NA,NA,NA,NA,NA,NA,NA,NA,NA,NA,NA
281,21,22,f,FORMAL SCIENCES,18,3.65,16,3.88,3.758235294117647,FALSE,4,5,5,2,2,6,2,1,4,3,1,3,5,3,46
160,15,21,m,FORMAL SCIENCES,17,2.77,15,2.75,2.760625,FALSE,1,1,6,4,2,3,2,2,2,6,4,4,4,4,45
547,20,22,f,FORMAL SCIENCES,17,3.3899999999999997,16,3.59,3.486969696969697,FALSE,NA,NA,NA,NA,NA,NA,NA,NA,NA,NA,NA,NA,NA,NA,NA
602,8,22,f,FORMAL SCIENCES,16,3.54,15,3.64,3.588387096774194,FALSE,NA,NA,NA,NA,NA,NA,NA,NA,NA,NA,NA,NA,NA,NA,NA
988,4,22,f,FORMAL SCIENCES,16,1.76,16,1.6300000000000001,1.695,FALSE,4,5,1,6,6,5,6,5,5,4,3,2,5,6,63
201,7,23,m,FORMAL SCIENCES,16,2.8899999999999997,10,2.3699999999999997,2.69,FALSE,5,5,6,3,4,5,5,5,1,6,3,6,6,2,62
983,22,21,f,FORMAL SCIENCES,16,1.96,15,1.9,1.9309677419354838,FALSE,6,4,6,6,2,4,2,3,5,5,6,5,2,1,57
241,13,22,m,FORMAL SCIENCES,16,3.46,15,3.24,3.3535483870967746,FALSE,NA,NA,NA,NA,NA,NA,NA,NA,NA,NA,NA,NA,NA,NA,NA
265,23,22,f,FORMAL SCIENCES,15,2.64,17,2.55,2.5921874999999996,FALSE,5,5,5,5,4,5,4,4,6,4,2,5,6,3,63
172,12,22,f,FORMAL SCIENCES,16,2.1,17,2.02,2.0587878787878786,FALSE,6,6,3,3,2,5,5,5,6,2,1,5,6,5,60
436,19,22,m,FORMAL SCIENCES,15,3.3299999999999996,15,3.34,3.3349999999999995,FALSE,NA,NA,NA,NA,NA,NA,NA,NA,NA,NA,NA,NA,NA,NA,NA
388,14,22,m,FORMAL SCIENCES,15,3.05,17,2.65,2.8375,FALSE,2,1,5,5,5,6,2,6,3,1,6,3,3,3,51
775,22,22,m,FORMAL SCIENCES,17,2.59,16,2.16,2.381515151515152,FALSE,NA,NA,NA,NA,NA,NA,NA,NA,NA,NA,NA,NA,NA,NA,NA
795,3,22,m,FORMAL SCIENCES,17,2.16,16,2.04,2.1018181818181816,FALSE,5,3,6,5,6,5,4,5,3,5,2,5,6,3,63
314,5,23,m,FORMAL SCIENCES,16,2.29,15,2.03,2.164193548387097,FALSE,5,2,1,5,6,6,6,4,3,3,3,4,5,5,58
292,2,22,f,FORMAL SCIENCES,15,1.85,17,1.6400000000000001,1.7384375,FALSE,NA,NA,NA,NA,NA,NA,NA,NA,NA,NA,NA,NA,NA,NA,NA
192,8,22,m,FORMAL SCIENCES,17,2.42,17,2.19,2.305,FALSE,2,6,3,4,4,4,6,3,5,2,5,6,5,4,59
598,21,22,m,FORMAL SCIENCES,16,2.4299999999999997,17,1.99,2.203333333333333,FALSE,3,3,4,6,6,5,4,3,6,2,5,2,6,3,58
877,14,22,f,FORMAL SCIENCES,12,3.14,16,3.3699999999999997,3.2714285714285714,FALSE,6,2,6,5,1,4,6,3,3,6,2,1,4,4,53
719,16,22,f,FORMAL SCIENCES,18,3.46,17,3.05,3.2608571428571427,FALSE,6,5,2,5,3,1,1,4,2,4,4,5,1,3,46
183,13,22,m,FORMAL SCIENCES,16,2.9299999999999997,11,3.06,2.982962962962963,FALSE,5,6,2,5,5,5,5,5,3,5,2,5,2,1,56
670,20,21,m,FORMAL SCIENCES,16,3.03,17,2.94,2.9836363636363634,FALSE,6,5,4,2,6,2,6,2,6,3,5,3,6,5,61
174,14,22,f,FORMAL SCIENCES,16,3.4,16,2.8299999999999996,3.1149999999999998,FALSE,6,5,2,5,5,3,4,5,3,3,5,6,1,6,59
880,15,22,m,FORMAL SCIENCES,17,2.75,15,2.29,2.534375,FALSE,6,5,3,2,4,6,2,6,5,4,6,5,5,5,64
998,17,23,m,FORMAL SCIENCES,13,3.42,17,3.19,3.2896666666666667,FALSE,NA,NA,NA,NA,NA,NA,NA,NA,NA,NA,NA,NA,NA,NA,NA
973,17,22,m,FORMAL SCIENCES,16,2.9,17,3.2,3.0545454545454547,FALSE,1,2,5,3,5,4,2,2,5,3,3,6,1,1,43
313,16,23,f,FORMAL SCIENCES,16,2.8299999999999996,15,3.36,3.086451612903226,FALSE,5,1,5,4,5,5,3,4,6,5,2,6,1,5,57
287,18,22,m,FORMAL SCIENCES,17,2.7800000000000002,12,2.7800000000000002,2.7800000000000002,FALSE,6,4,5,5,1,4,1,5,5,1,5,2,4,6,54
642,18,22,m,FORMAL SCIENCES,17,2.56,17,2.9899999999999998,2.775,FALSE,4,1,5,4,3,6,6,6,4,5,2,6,6,1,59
181,9,22,m,FORMAL SCIENCES,17,3.32,12,2.38,2.9310344827586206,TRUE,3,1,4,5,4,6,3,3,4,5,4,5,6,4,57
902,7,23,f,FORMAL SCIENCES,16,3.75,16,3.4099999999999997,3.58,FALSE,6,2,6,4,5,5,4,5,2,6,3,2,5,6,61
182,9,21,m,FORMAL SCIENCES,15,3.25,17,2.98,3.1065625,FALSE,1,2,5,1,5,1,6,6,1,6,6,2,5,5,52
813,2,22,f,FORMAL SCIENCES,15,3.4499999999999997,17,3.8899999999999997,3.68375,FALSE,2,2,2,3,2,4,3,6,5,5,3,6,6,3,52
149,21,22,f,FORMAL SCIENCES,16,1.42,12,2.4499999999999997,1.8614285714285714,TRUE,5,6,6,5,5,4,6,5,6,5,3,6,5,4,71
573,19,22,m,FORMAL SCIENCES,17,2.6,16,2.9299999999999997,2.76,FALSE,3,5,5,2,5,6,5,5,6,6,3,2,6,5,64
878,21,22,m,FORMAL SCIENCES,16,1.98,15,2.07,2.023548387096774,FALSE,5,4,5,6,5,2,2,2,3,4,5,6,3,5,57
843,23,21,f,FORMAL SCIENCES,12,1.6500000000000001,18,2.23,1.998,FALSE,4,4,5,5,4,3,5,2,4,3,4,6,2,5,56
250,19,22,f,FORMAL SCIENCES,16,3.16,16,3.4,3.2800000000000002,FALSE,1,2,6,5,5,6,2,6,6,3,6,4,4,5,61
112,12,22,f,FORMAL SCIENCES,13,2.84,16,3.7800000000000002,3.3586206896551727,TRUE,6,6,5,5,4,3,2,5,6,5,3,2,6,5,63
483,10,23,m,FORMAL SCIENCES,13,2.4699999999999998,16,2.4499999999999997,2.4589655172413796,FALSE,3,3,4,3,1,2,1,6,5,1,1,6,5,1,42
595,3,22,m,FORMAL SCIENCES,17,3.03,17,3.14,3.085,FALSE,5,6,3,6,5,6,6,6,3,5,6,5,1,5,68
956,16,23,m,FORMAL SCIENCES,16,3.05,16,3.21,3.13,FALSE,5,5,6,4,5,5,6,1,5,6,2,5,3,1,59
382,21,22,m,FORMAL SCIENCES,16,3.82,16,3.27,3.545,FALSE,3,4,3,6,6,5,3,4,2,1,3,1,4,6,51
427,16,20,f,FORMAL SCIENCES,16,3.7600000000000002,15,3.4899999999999998,3.629354838709677,FALSE,NA,NA,NA,NA,NA,NA,NA,NA,NA,NA,NA,NA,NA,NA,NA
247,17,22,f,FORMAL SCIENCES,17,2.14,17,1.94,2.04,FALSE,5,5,6,4,6,2,4,5,3,5,6,5,3,5,64
159,10,22,m,FORMAL SCIENCES,15,2.65,16,2.2,2.417741935483871,FALSE,4,4,5,2,6,1,5,4,6,4,5,5,5,3,59
326,15,23,f,FORMAL SCIENCES,15,0.96,16,1.1900000000000002,1.0787096774193548,FALSE,1,2,4,4,4,6,5,1,5,5,1,2,6,1,47
874,6,22,f,FORMAL SCIENCES,16,2.65,15,2.4499999999999997,2.5532258064516125,FALSE,6,4,5,5,3,5,5,3,6,4,2,4,6,6,64
612,15,22,f,FORMAL SCIENCES,17,1.4,16,1.54,1.4678787878787878,FALSE,NA,NA,NA,NA,NA,NA,NA,NA,NA,NA,NA,NA,NA,NA,NA
743,20,22,m,FORMAL SCIENCES,16,2.88,15,3.02,2.947741935483871,FALSE,NA,NA,NA,NA,NA,NA,NA,NA,NA,NA,NA,NA,NA,NA,NA
887,7,23,m,FORMAL SCIENCES,16,2.4099999999999997,16,3.07,2.7399999999999998,FALSE,4,1,3,6,5,5,5,1,6,5,3,5,6,5,60
991,13,22,f,FORMAL SCIENCES,16,2.34,16,2.7600000000000002,2.55,FALSE,2,5,6,5,6,6,6,2,5,1,2,4,6,3,59
746,8,21,m,FORMAL SCIENCES,16,3.03,17,2.9099999999999997,2.968181818181818,FALSE,NA,NA,NA,NA,NA,NA,NA,NA,NA,NA,NA,NA,NA,NA,NA
485,21,22,f,FORMAL SCIENCES,16,3.01,16,3.1,3.0549999999999997,FALSE,NA,NA,NA,NA,NA,NA,NA,NA,NA,NA,NA,NA,NA,NA,NA
422,7,23,f,FORMAL SCIENCES,17,3.3899999999999997,17,3.65,3.5199999999999996,FALSE,3,3,5,5,1,4,1,4,4,5,3,2,3,2,45
557,9,24,f,FORMAL SCIENCES,18,2.59,17,2.7600000000000002,2.672571428571428,FALSE,NA,NA,NA,NA,NA,NA,NA,NA,NA,NA,NA,NA,NA,NA,NA
842,7,22,m,FORMAL SCIENCES,17,2.51,16,1.78,2.156060606060606,TRUE,5,5,4,3,5,6,6,5,5,2,4,5,5,1,61
825,4,22,m,FORMAL SCIENCES,12,1.82,17,2.2,2.0427586206896553,FALSE,3,5,5,6,3,6,5,4,4,4,4,5,5,3,62
685,9,22,m,FORMAL SCIENCES,16,2.3299999999999996,18,2.42,2.3776470588235297,FALSE,5,5,3,6,5,3,6,4,2,1,4,5,3,2,54
820,7,22,f,FORMAL SCIENCES,16,2.4,17,2.3899999999999997,2.394848484848485,FALSE,2,4,3,6,4,5,3,2,5,4,4,5,5,2,54
817,5,22,f,FORMAL SCIENCES,16,1.33,17,1.45,1.3918181818181818,FALSE,5,5,6,6,6,3,5,5,2,5,5,2,1,6,62
173,14,22,f,FORMAL SCIENCES,16,3.9499999999999997,12,3.7600000000000002,3.8685714285714283,FALSE,5,4,6,6,1,2,5,5,3,2,5,5,5,2,56
553,9,23,m,FORMAL SCIENCES,17,2.48,17,3.51,2.9949999999999997,TRUE,6,6,3,6,3,4,3,3,4,4,4,4,3,3,56
397,18,22,m,FORMAL SCIENCES,12,2.3099999999999996,17,2.63,2.4975862068965515,FALSE,6,3,5,5,5,5,5,6,3,6,2,6,2,4,63
999,1,22,m,FORMAL SCIENCES,14,2.8,16,2.71,2.7520000000000002,FALSE,5,5,4,3,2,5,6,5,1,6,3,1,5,2,53
643,12,22,f,FORMAL SCIENCES,12,2.7800000000000002,16,2.64,2.6999999999999997,FALSE,NA,NA,NA,NA,NA,NA,NA,NA,NA,NA,NA,NA,NA,NA,NA
879,17,22,f,FORMAL SCIENCES,14,2.46,15,2.54,2.501379310344827,FALSE,6,4,3,5,2,6,4,4,6,5,6,3,2,5,61
723,14,22,m,FORMAL SCIENCES,16,2.25,16,2.32,2.285,FALSE,4,5,6,5,1,2,6,3,6,1,5,6,6,5,61
985,10,22,f,FORMAL SCIENCES,17,3.09,17,2.6,2.845,FALSE,3,5,1,5,5,6,1,5,2,6,1,2,4,5,51
367,16,22,f,FORMAL SCIENCES,15,2.7600000000000002,15,2.3699999999999997,2.565,FALSE,NA,NA,NA,NA,NA,NA,NA,NA,NA,NA,NA,NA,NA,NA,NA
654,4,22,f,FORMAL SCIENCES,17,2.61,15,1.99,2.319375,FALSE,3,1,1,4,5,4,3,5,6,5,5,5,5,6,58
502,22,22,f,FORMAL SCIENCES,13,1.55,10,2.69,2.0456521739130435,TRUE,6,5,5,5,5,3,6,2,2,3,4,5,5,5,61
504,16,22,f,FORMAL SCIENCES,16,1.09,12,0.96,1.0342857142857143,FALSE,2,1,5,3,4,5,5,2,5,3,4,4,2,4,49
351,4,22,m,FORMAL SCIENCES,16,2.44,16,2.3899999999999997,2.415,FALSE,NA,NA,NA,NA,NA,NA,NA,NA,NA,NA,NA,NA,NA,NA,NA
582,16,22,m,FORMAL SCIENCES,16,3.9299999999999997,17,3.72,3.821818181818182,FALSE,NA,NA,NA,NA,NA,NA,NA,NA,NA,NA,NA,NA,NA,NA,NA
559,15,22,m,FORMAL SCIENCES,17,2.2800000000000002,16,2.3099999999999996,2.2945454545454544,FALSE,2,5,5,5,6,6,2,5,5,5,2,2,5,6,61
128,18,21,m,FORMAL SCIENCES,11,2.46,14,2.96,2.74,FALSE,NA,NA,NA,NA,NA,NA,NA,NA,NA,NA,NA,NA,NA,NA,NA
283,22,22,f,FORMAL SCIENCES,13,2.92,16,2.84,2.8758620689655174,FALSE,NA,NA,NA,NA,NA,NA,NA,NA,NA,NA,NA,NA,NA,NA,NA
356,13,22,f,FORMAL SCIENCES,11,1.6600000000000001,17,1.58,1.6114285714285717,FALSE,NA,NA,NA,NA,NA,NA,NA,NA,NA,NA,NA,NA,NA,NA,NA
715,15,22,m,FORMAL SCIENCES,14,2.52,18,2.5,2.50875,FALSE,1,4,6,5,4,6,6,6,6,6,2,6,4,6,68
432,10,22,f,FORMAL SCIENCES,16,1.12,17,1.6600000000000001,1.3981818181818182,FALSE,NA,NA,NA,NA,NA,NA,NA,NA,NA,NA,NA,NA,NA,NA,NA
750,3,22,f,FORMAL SCIENCES,16,3.8899999999999997,17,3.38,3.627272727272727,FALSE,1,6,4,2,5,3,5,5,3,3,4,3,2,3,49
731,4,22,f,FORMAL SCIENCES,17,3.7,16,3.4,3.5545454545454547,FALSE,NA,NA,NA,NA,NA,NA,NA,NA,NA,NA,NA,NA,NA,NA,NA
713,9,22,f,FORMAL SCIENCES,17,3.32,15,2.72,3.0387500000000003,FALSE,6,6,3,5,6,5,5,6,3,6,5,1,5,5,67
228,14,22,f,FORMAL SCIENCES,17,2.73,17,2.98,2.855,FALSE,2,4,3,5,4,1,5,2,2,6,1,5,2,5,47
626,14,22,m,FORMAL SCIENCES,16,1.6600000000000001,15,1.71,1.684193548387097,FALSE,5,2,5,5,6,3,5,1,5,5,5,5,1,2,55
954,13,22,f,FORMAL SCIENCES,16,2.57,16,2.7600000000000002,2.665,FALSE,NA,NA,NA,NA,NA,NA,NA,NA,NA,NA,NA,NA,NA,NA,NA
123,7,22,f,FORMAL SCIENCES,15,0.8500000000000001,15,1.03,0.9400000000000001,FALSE,4,6,5,6,1,5,3,3,4,4,6,5,2,5,59
721,17,21,m,FORMAL SCIENCES,17,1.35,17,1.32,1.335,FALSE,1,3,4,2,5,2,1,3,6,1,2,3,6,3,42
677,5,23,f,APPLIED SCIENCES,17,2.13,16,1.83,1.9845454545454548,FALSE,NA,NA,NA,NA,NA,NA,NA,NA,NA,NA,NA,NA,NA,NA,NA
204,22,21,m,APPLIED SCIENCES,16,2.8299999999999996,15,2.72,2.776774193548387,FALSE,5,6,5,5,4,3,4,3,6,3,3,3,2,2,54
180,12,22,f,APPLIED SCIENCES,17,1.48,17,1.82,1.6500000000000001,FALSE,6,3,3,2,5,2,2,4,1,3,5,5,3,2,46
447,10,22,f,APPLIED SCIENCES,14,2.5,15,2.46,2.4793103448275864,FALSE,4,3,4,3,6,5,5,2,5,6,6,2,5,6,62
419,22,23,f,APPLIED SCIENCES,11,1.74,15,1.3900000000000001,1.5380769230769231,FALSE,3,1,4,4,4,2,5,2,5,6,5,6,2,3,52
522,13,22,m,APPLIED SCIENCES,16,2.23,16,2.44,2.335,FALSE,NA,NA,NA,NA,NA,NA,NA,NA,NA,NA,NA,NA,NA,NA,NA
653,9,22,f,APPLIED SCIENCES,17,2.53,16,2.7600000000000002,2.6415151515151516,FALSE,2,5,5,4,4,4,6,5,2,2,5,5,6,6,61
307,18,22,f,APPLIED SCIENCES,16,2.67,9,3.09,2.8212,FALSE,5,3,1,3,3,1,2,2,3,4,6,2,2,3,40
600,6,21,m,APPLIED SCIENCES,16,2.79,12,2.74,2.768571428571429,FALSE,4,2,6,6,3,2,5,4,3,3,5,6,2,6,57
273,23,23,f,APPLIED SCIENCES,18,1.6900000000000002,18,1.86,1.7750000000000001,FALSE,3,4,6,4,1,6,5,6,4,5,3,6,1,6,60
832,7,22,f,APPLIED SCIENCES,16,2.88,16,3.01,2.945,FALSE,3,3,5,4,3,1,4,2,1,6,2,3,1,3,41
739,10,22,f,APPLIED SCIENCES,16,1.8900000000000001,16,1.49,1.69,FALSE,NA,NA,NA,NA,NA,NA,NA,NA,NA,NA,NA,NA,NA,NA,NA
566,15,22,m,APPLIED SCIENCES,16,1.22,16,1.3900000000000001,1.3050000000000002,FALSE,5,4,3,6,4,3,6,5,6,5,6,2,3,6,64
938,12,22,f,APPLIED SCIENCES,17,3,14,3.15,3.0677419354838706,FALSE,4,6,5,6,3,5,2,5,3,6,2,6,3,6,62
249,2,22,m,APPLIED SCIENCES,17,2.42,16,2.88,2.643030303030303,FALSE,5,6,6,6,3,1,6,6,5,6,6,4,5,3,68
554,19,23,f,APPLIED SCIENCES,17,3.3299999999999996,15,3.14,3.2409375,FALSE,4,5,6,5,5,3,2,2,5,6,6,4,6,4,63
636,1,22,m,APPLIED SCIENCES,16,3.23,16,3.4099999999999997,3.32,FALSE,NA,NA,NA,NA,NA,NA,NA,NA,NA,NA,NA,NA,NA,NA,NA
844,5,23,f,APPLIED SCIENCES,16,2.18,16,2.25,2.215,FALSE,NA,NA,NA,NA,NA,NA,NA,NA,NA,NA,NA,NA,NA,NA,NA
194,14,22,f,APPLIED SCIENCES,16,2.8499999999999996,17,2.8,2.8242424242424238,FALSE,NA,NA,NA,NA,NA,NA,NA,NA,NA,NA,NA,NA,NA,NA,NA
272,5,22,f,APPLIED SCIENCES,13,1.87,15,1.6800000000000002,1.768214285714286,FALSE,6,5,5,5,5,1,3,6,3,4,5,5,3,3,59
900,8,22,f,APPLIED SCIENCES,17,3.13,16,3.01,3.071818181818182,FALSE,3,3,4,5,1,2,4,6,5,6,6,6,2,3,56
958,7,22,m,APPLIED SCIENCES,16,3.8,17,3.88,3.841212121212121,FALSE,4,6,4,6,4,6,3,2,4,3,4,3,6,1,56
912,2,22,f,APPLIED SCIENCES,15,2.2,16,1.74,1.9625806451612904,FALSE,1,5,2,5,6,3,5,5,3,1,2,6,3,3,50
510,16,22,m,APPLIED SCIENCES,16,2.8299999999999996,17,2.18,2.495151515151515,FALSE,6,2,4,3,3,2,6,6,3,3,6,6,4,5,59
853,7,22,m,APPLIED SCIENCES,15,2.77,16,2.8499999999999996,2.811290322580645,FALSE,NA,NA,NA,NA,NA,NA,NA,NA,NA,NA,NA,NA,NA,NA,NA
539,12,22,f,APPLIED SCIENCES,17,1.55,14,2.29,1.8841935483870969,FALSE,3,3,3,6,4,3,3,3,5,4,5,3,2,1,48
350,14,22,m,APPLIED SCIENCES,15,3.4899999999999998,16,3.4899999999999998,3.4899999999999998,FALSE,3,4,5,5,2,5,4,4,3,4,2,4,5,2,52
441,8,22,m,APPLIED SCIENCES,17,2.46,17,2.9899999999999998,2.725,FALSE,6,6,6,5,1,6,6,5,3,4,3,6,6,6,69
717,22,21,f,APPLIED SCIENCES,17,3.48,17,2.56,3.02,TRUE,6,5,3,6,5,3,1,6,5,5,3,3,5,5,61
108,12,22,f,APPLIED SCIENCES,16,2.57,16,2.11,2.34,FALSE,NA,NA,NA,NA,NA,NA,NA,NA,NA,NA,NA,NA,NA,NA,NA
871,12,22,m,APPLIED SCIENCES,16,3.09,16,3.4299999999999997,3.26,FALSE,3,2,5,4,2,4,4,2,3,6,1,5,4,2,47
198,18,21,m,APPLIED SCIENCES,16,2.14,15,2.71,2.4158064516129034,FALSE,2,2,1,4,2,6,1,6,4,5,1,2,5,2,43
513,1,22,m,APPLIED SCIENCES,17,2.44,15,2.12,2.29,FALSE,6,1,3,6,3,6,4,2,6,1,5,6,5,6,60
584,5,22,f,APPLIED SCIENCES,15,3.24,18,3.58,3.4254545454545453,FALSE,NA,NA,NA,NA,NA,NA,NA,NA,NA,NA,NA,NA,NA,NA,NA
135,10,22,f,APPLIED SCIENCES,16,2.9,16,3.94,3.42,TRUE,NA,NA,NA,NA,NA,NA,NA,NA,NA,NA,NA,NA,NA,NA,NA
729,5,22,f,APPLIED SCIENCES,17,2.3099999999999996,15,2.21,2.2631249999999996,FALSE,NA,NA,NA,NA,NA,NA,NA,NA,NA,NA,NA,NA,NA,NA,NA
783,23,21,f,APPLIED SCIENCES,17,2.32,15,1.81,2.0809375,FALSE,3,5,5,6,5,5,6,6,4,1,6,6,1,3,62
518,1,22,f,APPLIED SCIENCES,16,2.72,17,3.3299999999999996,3.034242424242424,FALSE,3,6,4,1,2,4,6,6,6,4,4,2,4,6,58
990,3,22,m,APPLIED SCIENCES,12,3.06,17,2.32,2.6262068965517242,FALSE,3,3,1,5,3,5,5,5,2,6,6,3,3,6,56
683,16,22,f,APPLIED SCIENCES,16,2.8,15,3.25,3.017741935483871,FALSE,1,1,6,3,3,5,2,3,3,4,4,4,2,5,46
866,19,22,f,APPLIED SCIENCES,16,2.48,12,2.3699999999999997,2.432857142857143,FALSE,3,4,5,3,6,2,1,6,4,1,4,2,3,2,46
679,21,22,m,APPLIED SCIENCES,16,2.3899999999999997,16,2.8699999999999997,2.63,FALSE,NA,NA,NA,NA,NA,NA,NA,NA,NA,NA,NA,NA,NA,NA,NA
306,2,21,m,APPLIED SCIENCES,17,1.94,16,1.81,1.876969696969697,FALSE,4,5,4,2,4,3,3,2,3,2,5,6,6,2,51
294,16,23,m,APPLIED SCIENCES,15,1.6600000000000001,16,2.67,2.1812903225806455,TRUE,4,6,4,1,2,1,5,6,1,1,3,3,4,6,47
412,18,22,m,APPLIED SCIENCES,15,3.7800000000000002,17,3.27,3.5090625,FALSE,NA,NA,NA,NA,NA,NA,NA,NA,NA,NA,NA,NA,NA,NA,NA
918,17,22,f,APPLIED SCIENCES,15,3.4899999999999998,17,3.64,3.5696874999999997,FALSE,3,2,3,1,4,3,4,5,3,6,6,3,4,3,50
571,2,22,f,APPLIED SCIENCES,12,2.66,16,3.01,2.86,FALSE,2,2,6,3,3,3,5,5,3,6,1,2,5,1,47
617,21,22,m,APPLIED SCIENCES,15,3.51,16,3,3.2467741935483874,FALSE,1,5,3,3,2,2,6,5,1,2,2,3,4,4,43
219,17,22,f,APPLIED SCIENCES,12,3.51,15,3.9899999999999998,3.776666666666667,FALSE,NA,NA,NA,NA,NA,NA,NA,NA,NA,NA,NA,NA,NA,NA,NA
579,23,23,m,APPLIED SCIENCES,17,3.2800000000000002,16,2.79,3.0424242424242425,FALSE,5,5,3,4,6,4,4,4,5,4,5,4,5,3,61
994,23,22,f,APPLIED SCIENCES,13,2.51,16,2.32,2.4051724137931036,FALSE,5,2,2,6,4,6,4,6,3,3,3,6,6,4,60
178,20,22,f,APPLIED SCIENCES,17,3,18,2.73,2.861142857142857,FALSE,5,5,5,4,1,1,5,2,2,2,5,5,6,1,49
816,1,22,f,APPLIED SCIENCES,16,1.8,12,2.55,2.1214285714285714,FALSE,3,5,6,3,2,2,5,5,1,4,5,5,2,5,53
501,17,22,f,APPLIED SCIENCES,16,2.84,17,2.4899999999999998,2.6596969696969697,FALSE,3,4,4,2,1,4,3,6,6,5,3,5,2,6,54
222,4,22,f,APPLIED SCIENCES,17,3.4699999999999998,16,3.3699999999999997,3.4215151515151514,FALSE,5,5,3,6,5,3,6,4,3,2,6,5,2,4,59
463,15,22,m,APPLIED SCIENCES,16,2.46,17,2.3099999999999996,2.382727272727273,FALSE,2,6,3,6,5,5,4,6,1,6,2,2,5,1,54
888,16,22,f,APPLIED SCIENCES,17,3.3699999999999997,9,3.14,3.2903846153846152,FALSE,3,6,5,3,5,3,6,6,5,3,3,2,3,6,59
236,23,22,f,APPLIED SCIENCES,18,2.7600000000000002,16,2.19,2.491764705882353,FALSE,NA,NA,NA,NA,NA,NA,NA,NA,NA,NA,NA,NA,NA,NA,NA
911,16,22,m,APPLIED SCIENCES,16,1.1700000000000002,16,1.26,1.215,FALSE,NA,NA,NA,NA,NA,NA,NA,NA,NA,NA,NA,NA,NA,NA,NA
552,8,22,m,APPLIED SCIENCES,16,3.2800000000000002,16,2.57,2.925,FALSE,4,2,4,6,4,5,3,3,3,4,4,4,3,6,55
141,5,22,m,APPLIED SCIENCES,15,2.72,18,2.9299999999999997,2.8345454545454545,FALSE,6,5,5,2,3,3,2,2,3,5,2,3,6,1,48
674,9,22,m,APPLIED SCIENCES,17,3.1,17,3.3499999999999996,3.225,FALSE,4,3,5,3,6,5,2,5,6,1,6,6,3,4,59
527,18,22,f,APPLIED SCIENCES,17,3.4499999999999997,17,2.62,3.035,TRUE,NA,NA,NA,NA,NA,NA,NA,NA,NA,NA,NA,NA,NA,NA,NA
545,9,22,f,APPLIED SCIENCES,16,3.13,16,2.8899999999999997,3.01,FALSE,6,3,5,6,4,4,3,6,5,2,5,5,4,1,59
611,6,22,f,APPLIED SCIENCES,15,2.02,17,2.3099999999999996,2.1740625,FALSE,1,4,3,1,1,2,6,3,6,3,6,3,5,5,49
831,10,23,m,APPLIED SCIENCES,13,2.3699999999999997,17,2.9,2.670333333333333,FALSE,5,5,3,2,6,6,4,5,6,1,2,3,5,5,58
965,21,23,m,APPLIED SCIENCES,16,3.01,17,3.73,3.380909090909091,TRUE,3,2,3,5,4,1,4,3,3,6,3,1,5,4,47
740,4,23,m,APPLIED SCIENCES,18,3.06,15,2.74,2.9145454545454546,FALSE,3,2,2,2,1,1,3,1,4,2,5,2,4,1,33
768,20,22,m,APPLIED SCIENCES,10,2.69,15,3.12,2.948,FALSE,NA,NA,NA,NA,NA,NA,NA,NA,NA,NA,NA,NA,NA,NA,NA
371,13,22,f,APPLIED SCIENCES,18,2.84,15,2.8699999999999997,2.853636363636363,FALSE,5,4,6,5,6,6,4,6,5,2,4,4,2,6,65
615,14,22,f,APPLIED SCIENCES,10,0.88,16,1.02,0.9661538461538461,FALSE,4,6,2,1,3,2,4,3,6,2,6,6,3,6,54
469,14,22,m,APPLIED SCIENCES,15,2.3499999999999996,17,2.18,2.2596875,FALSE,NA,NA,NA,NA,NA,NA,NA,NA,NA,NA,NA,NA,NA,NA,NA
593,5,23,m,APPLIED SCIENCES,15,2.8699999999999997,17,3.16,3.0240625,FALSE,NA,NA,NA,NA,NA,NA,NA,NA,NA,NA,NA,NA,NA,NA,NA
199,5,23,m,APPLIED SCIENCES,17,2.7600000000000002,15,3.19,2.9615625000000003,FALSE,NA,NA,NA,NA,NA,NA,NA,NA,NA,NA,NA,NA,NA,NA,NA
466,18,22,f,APPLIED SCIENCES,18,3.12,16,3.3099999999999996,3.2094117647058824,FALSE,NA,NA,NA,NA,NA,NA,NA,NA,NA,NA,NA,NA,NA,NA,NA
395,16,23,f,APPLIED SCIENCES,16,2.17,15,3.19,2.6635483870967738,TRUE,4,2,3,5,6,3,5,5,6,5,5,6,2,5,62
638,6,21,m,APPLIED SCIENCES,16,2.22,15,2.09,2.1570967741935485,FALSE,5,6,5,2,1,2,3,3,4,3,4,5,2,3,48
855,4,22,f,APPLIED SCIENCES,16,2.69,16,3.65,3.17,TRUE,5,5,1,4,1,3,1,4,3,6,1,3,5,4,46
914,14,21,m,APPLIED SCIENCES,17,3.7600000000000002,12,2.9099999999999997,3.4082758620689657,FALSE,5,4,3,3,6,2,5,5,1,4,5,5,2,4,54
704,9,22,m,APPLIED SCIENCES,16,2.8,15,2.42,2.616129032258064,FALSE,2,6,3,1,3,4,1,3,2,2,4,5,1,6,43
782,22,23,m,APPLIED SCIENCES,16,3.74,16,3.18,3.46,FALSE,5,4,4,4,6,2,3,4,1,2,5,6,3,1,50
839,5,23,f,APPLIED SCIENCES,16,3.03,15,2.8099999999999996,2.923548387096774,FALSE,6,6,3,5,2,6,5,2,3,6,5,2,5,5,61
771,22,22,f,APPLIED SCIENCES,16,1.62,16,1.09,1.355,FALSE,NA,NA,NA,NA,NA,NA,NA,NA,NA,NA,NA,NA,NA,NA,NA
354,12,22,f,APPLIED SCIENCES,16,2.3899999999999997,16,2.4899999999999998,2.4399999999999995,FALSE,5,4,3,4,6,4,5,6,2,1,4,5,3,4,56
190,16,22,m,APPLIED SCIENCES,13,2.36,17,2.65,2.524333333333333,FALSE,2,4,4,1,1,5,6,2,4,2,6,5,4,4,50
889,14,22,m,APPLIED SCIENCES,18,3.25,16,3.27,3.2594117647058822,FALSE,6,6,3,2,2,6,1,2,5,6,5,6,2,2,54
596,2,22,m,APPLIED SCIENCES,13,0.7799999999999999,16,1.45,1.149655172413793,FALSE,NA,NA,NA,NA,NA,NA,NA,NA,NA,NA,NA,NA,NA,NA,NA
766,2,23,m,APPLIED SCIENCES,16,2.52,16,2.4699999999999998,2.495,FALSE,3,4,6,6,5,2,4,2,6,6,4,3,2,4,57
492,10,22,m,APPLIED SCIENCES,13,2.54,16,2.63,2.589655172413793,FALSE,NA,NA,NA,NA,NA,NA,NA,NA,NA,NA,NA,NA,NA,NA,NA
514,21,22,f,APPLIED SCIENCES,15,2.1,17,3.07,2.6153125,TRUE,5,3,2,3,4,2,5,3,2,3,3,6,6,3,50
786,14,22,m,APPLIED SCIENCES,16,0.6699999999999999,16,0.54,0.605,FALSE,NA,NA,NA,NA,NA,NA,NA,NA,NA,NA,NA,NA,NA,NA,NA
439,21,22,m,APPLIED SCIENCES,16,0.7,16,1.57,1.135,FALSE,NA,NA,NA,NA,NA,NA,NA,NA,NA,NA,NA,NA,NA,NA,NA
693,12,22,f,APPLIED SCIENCES,16,2,18,1.45,1.7088235294117646,FALSE,2,6,2,6,5,5,6,4,6,5,6,4,5,6,68
864,10,22,m,APPLIED SCIENCES,15,2.82,16,2.22,2.5103225806451612,FALSE,NA,NA,NA,NA,NA,NA,NA,NA,NA,NA,NA,NA,NA,NA,NA
295,22,23,m,APPLIED SCIENCES,12,2.71,15,3.15,2.9544444444444444,FALSE,NA,NA,NA,NA,NA,NA,NA,NA,NA,NA,NA,NA,NA,NA,NA
532,9,23,f,APPLIED SCIENCES,17,3.17,18,3.51,3.3448571428571428,FALSE,3,2,3,4,4,3,6,5,2,6,2,4,5,3,52
580,16,22,f,APPLIED SCIENCES,17,2.58,15,1.96,2.2893749999999997,FALSE,3,4,3,5,5,3,2,6,3,3,2,5,6,5,55
635,21,22,f,APPLIED SCIENCES,14,0.99,11,0.75,0.8844,FALSE,5,4,5,1,5,2,6,2,5,5,3,2,5,2,52
870,3,22,f,APPLIED SCIENCES,17,1.7,16,1.61,1.6563636363636363,FALSE,6,2,6,6,3,2,4,1,1,4,4,4,6,6,55
702,5,22,f,APPLIED SCIENCES,17,0.7799999999999999,17,0.7799999999999999,0.7799999999999999,FALSE,3,5,3,2,3,6,6,3,1,3,6,6,5,5,57
852,6,23,f,APPLIED SCIENCES,14,3.4899999999999998,15,3.71,3.6037931034482757,FALSE,3,5,5,5,4,5,5,5,6,3,5,2,2,2,57
662,17,22,f,APPLIED SCIENCES,16,2.77,17,3.9,3.352121212121212,TRUE,NA,NA,NA,NA,NA,NA,NA,NA,NA,NA,NA,NA,NA,NA,NA
384,13,23,m,APPLIED SCIENCES,16,2.84,15,3.06,2.946451612903226,FALSE,NA,NA,NA,NA,NA,NA,NA,NA,NA,NA,NA,NA,NA,NA,NA
828,9,22,f,APPLIED SCIENCES,15,0.9400000000000001,15,1.28,1.1099999999999999,FALSE,5,3,5,6,5,6,2,3,5,2,4,5,6,3,60
703,13,22,m,APPLIED SCIENCES,16,3.03,16,2.75,2.8899999999999997,FALSE,3,3,6,5,5,5,4,3,3,2,1,4,6,4,54
310,2,21,m,APPLIED SCIENCES,15,3.22,16,3.3099999999999996,3.2664516129032255,FALSE,4,4,5,2,3,4,2,4,4,3,4,3,3,2,47
922,8,22,m,APPLIED SCIENCES,17,2.68,15,2.79,2.7315625,FALSE,4,3,4,3,4,3,5,4,2,3,5,6,6,2,54
146,4,22,m,APPLIED SCIENCES,18,2.9899999999999998,16,3.18,3.079411764705882,FALSE,4,6,4,6,4,5,2,2,5,2,6,3,3,5,57
592,18,21,m,APPLIED SCIENCES,16,2.1,17,2.57,2.342121212121212,FALSE,NA,NA,NA,NA,NA,NA,NA,NA,NA,NA,NA,NA,NA,NA,NA
548,4,21,f,APPLIED SCIENCES,15,2.96,15,2.7,2.83,FALSE,6,2,6,6,3,5,6,2,1,5,5,2,2,5,56
460,13,23,f,APPLIED SCIENCES,15,2.8099999999999996,16,2.4299999999999997,2.613870967741935,FALSE,6,2,2,3,5,6,2,1,5,4,5,5,2,5,53
665,15,22,f,APPLIED SCIENCES,15,3.18,17,2.9,3.03125,FALSE,6,2,2,4,6,4,5,6,6,3,2,6,4,5,61
137,6,21,f,APPLIED SCIENCES,16,2.56,17,2.36,2.456969696969697,FALSE,NA,NA,NA,NA,NA,NA,NA,NA,NA,NA,NA,NA,NA,NA,NA
305,2,22,m,APPLIED SCIENCES,16,1.99,16,1.35,1.67,TRUE,6,1,3,1,5,6,6,6,4,6,4,4,2,4,58
769,2,21,m,APPLIED SCIENCES,16,2.67,16,2.01,2.34,FALSE,6,2,4,5,6,5,5,3,4,5,2,5,5,3,60
701,2,23,m,APPLIED SCIENCES,16,3.42,16,3.61,3.5149999999999997,FALSE,2,3,3,5,1,3,6,3,6,4,5,4,2,1,48
616,7,22,m,APPLIED SCIENCES,17,2.57,17,2.3,2.4349999999999996,FALSE,NA,NA,NA,NA,NA,NA,NA,NA,NA,NA,NA,NA,NA,NA,NA
122,10,22,f,APPLIED SCIENCES,16,3,16,3.3899999999999997,3.195,FALSE,3,3,5,3,4,3,2,6,3,5,5,4,4,5,55
925,12,22,m,APPLIED SCIENCES,15,3.17,15,2.02,2.5949999999999998,TRUE,3,4,2,5,1,6,6,6,5,6,3,4,4,2,57
489,3,22,f,APPLIED SCIENCES,16,3.07,15,3.22,3.1425806451612903,FALSE,4,3,6,6,1,6,4,6,4,2,6,2,6,6,62
875,10,22,m,APPLIED SCIENCES,16,3.27,16,3.23,3.25,FALSE,3,2,6,6,2,6,5,6,6,3,5,1,4,3,58
248,6,22,m,APPLIED SCIENCES,15,3.3699999999999997,16,3.5,3.4370967741935483,FALSE,NA,NA,NA,NA,NA,NA,NA,NA,NA,NA,NA,NA,NA,NA,NA
599,7,22,m,APPLIED SCIENCES,13,1.33,16,0.9400000000000001,1.1148275862068966,FALSE,5,3,4,2,6,4,1,4,4,5,6,6,1,4,55
263,23,22,f,APPLIED SCIENCES,16,2.65,16,2.98,2.815,FALSE,NA,NA,NA,NA,NA,NA,NA,NA,NA,NA,NA,NA,NA,NA,NA
845,15,21,m,APPLIED SCIENCES,17,2.61,15,2.07,2.3568749999999996,FALSE,3,6,4,3,5,4,3,4,4,1,3,5,4,2,51
784,8,22,f,APPLIED SCIENCES,16,2.25,17,2.22,2.234545454545455,FALSE,3,4,3,3,5,4,3,6,2,4,4,4,2,6,53
763,14,22,m,APPLIED SCIENCES,16,1.23,16,1.12,1.175,FALSE,6,3,6,4,2,6,6,5,6,6,6,2,4,6,68
696,20,22,f,APPLIED SCIENCES,17,1.4,17,1.8900000000000001,1.645,FALSE,6,6,5,4,6,2,6,5,6,6,5,3,3,3,66
556,19,22,m,APPLIED SCIENCES,16,3.4699999999999998,16,3.3699999999999997,3.42,FALSE,NA,NA,NA,NA,NA,NA,NA,NA,NA,NA,NA,NA,NA,NA,NA
753,19,22,f,APPLIED SCIENCES,16,3.4299999999999997,16,2.74,3.085,FALSE,NA,NA,NA,NA,NA,NA,NA,NA,NA,NA,NA,NA,NA,NA,NA
792,13,22,m,APPLIED SCIENCES,15,2.71,17,3.27,3.0075000000000003,FALSE,3,5,6,4,1,2,2,5,3,4,4,6,2,5,52
930,17,20,f,APPLIED SCIENCES,16,1.09,16,1.71,1.4,FALSE,NA,NA,NA,NA,NA,NA,NA,NA,NA,NA,NA,NA,NA,NA,NA
748,1,23,m,APPLIED SCIENCES,17,3.64,16,3.7600000000000002,3.6981818181818182,FALSE,2,5,4,6,5,4,5,6,6,3,2,3,5,2,58
779,12,22,f,APPLIED SCIENCES,18,3.59,18,3.61,3.6000000000000005,FALSE,3,3,1,5,3,1,5,1,6,5,5,6,5,5,54
926,17,22,m,APPLIED SCIENCES,18,3.6,16,3.1,3.364705882352941,FALSE,NA,NA,NA,NA,NA,NA,NA,NA,NA,NA,NA,NA,NA,NA,NA
438,2,22,f,APPLIED SCIENCES,16,0.6,17,1.28,0.9503030303030303,FALSE,2,5,3,6,6,5,6,3,5,4,2,4,6,2,59
184,11,22,f,APPLIED SCIENCES,15,3.07,16,3.8,3.446774193548387,TRUE,3,3,3,6,6,4,4,3,1,6,5,6,2,3,55
822,23,23,f,APPLIED SCIENCES,16,3.25,17,3.15,3.1984848484848483,FALSE,6,4,5,2,6,2,3,4,5,3,5,6,6,2,59
606,21,22,m,APPLIED SCIENCES,16,1.61,17,1.6,1.6048484848484852,FALSE,6,5,2,3,5,4,2,5,3,2,5,6,5,5,58
420,14,22,f,APPLIED SCIENCES,15,0.92,16,0.9500000000000001,0.9354838709677419,FALSE,6,3,5,5,5,3,4,1,1,2,5,5,6,1,52
162,15,22,m,APPLIED SCIENCES,16,2.84,17,3.03,2.9378787878787875,FALSE,NA,NA,NA,NA,NA,NA,NA,NA,NA,NA,NA,NA,NA,NA,NA
474,8,23,m,APPLIED SCIENCES,16,0.97,16,0.7799999999999999,0.875,FALSE,4,2,4,3,1,4,5,6,3,5,4,3,4,5,53
132,12,23,m,APPLIED SCIENCES,14,2.88,16,3.15,3.024,FALSE,NA,NA,NA,NA,NA,NA,NA,NA,NA,NA,NA,NA,NA,NA,NA
362,16,21,f,APPLIED SCIENCES,15,3.77,15,3.3299999999999996,3.55,FALSE,4,2,3,3,4,2,6,3,4,5,6,5,6,3,56
